Series Name,Series Code,Country Name,Country Code,1990 [YR1990],2000 [YR2000],2014 [YR2014],2015 [YR2015],2016 [YR2016],2017 [YR2017],2018 [YR2018],2019 [YR2019],2020 [YR2020],2021 [YR2021],2022 [YR2022],2023 [YR2023]
"Age dependency ratio, young (% of working-age population)",SP.POP.DPND.YG,Afghanistan,AFG,94.4222572629881,103.58632038782,90.0159003100492,88.3982020260321,87.4057740333038,85.9704074964568,84.5398440923121,83.1124205721626,81.4649968705518,80.1613851925191,79.1750593586432,..
"Age dependency ratio, young (% of working-age population)",SP.POP.DPND.YG,Albania,ALB,52.7784284725856,47.1689375465814,27.2542318244552,26.5983978791543,26.0774898968204,25.5931941158779,25.0975887781106,24.672046977961,24.3278873157337,24.1267907154218,24.0283580946095,..
"Age dependency ratio, young (% of working-age population)",SP.POP.DPND.YG,Algeria,DZA,79.2949742930899,54.6473546144873,43.0501410944391,44.0738078725369,45.128959468372,46.1725227632222,47.1106452784713,47.8584188063625,48.3885154333489,48.6675037389368,48.6640452550879,..
"Age dependency ratio, young (% of working-age population)",SP.POP.DPND.YG,American Samoa,ASM,69.6891951326785,70.8609873624875,50.7529618519528,49.5619677755315,48.3465690532324,47.0880659472045,45.7743553695242,44.4473342002601,43.1520010601643,41.9104962283936,41.3891662936052,..
"Age dependency ratio, young (% of working-age population)",SP.POP.DPND.YG,Andorra,AND,24.4590466901101,21.2174059210388,22.1515057435579,21.5599620088775,21.1032922363047,20.3770821205236,19.4696620937299,18.8607983808302,18.3999289646599,18.0608963154583,17.7115307909752,..
"Age dependency ratio, young (% of working-age population)",SP.POP.DPND.YG,Angola,AGO,90.779278544635,90.8296784864042,88.5545594154499,88.5206587345658,88.3697198578276,88.0934659634548,87.7663847682425,87.3595650046694,86.9551320732055,86.5062146200396,85.931640046183,..
"Age dependency ratio, young (% of working-age population)",SP.POP.DPND.YG,Antigua and Barbuda,ATG,48.6174579815661,42.7991137370753,30.6986053308765,29.8920812453856,29.0782348913923,28.4174106453307,27.7955908749214,27.2352950147164,26.8347092388005,26.5138349477884,26.1834497711395,..
"Age dependency ratio, young (% of working-age population)",SP.POP.DPND.YG,Argentina,ARG,49.92731129162,45.3949334436374,38.8232305306188,38.5440523252866,38.27869196886,37.9797904141372,37.5978919852346,37.1386864488841,36.6106612130481,36.0324735245691,35.4512077083876,..
"Age dependency ratio, young (% of working-age population)",SP.POP.DPND.YG,Armenia,ARM,46.7408118272146,42.0294949532797,27.640867306865,28.1484733172458,28.690771150235,29.2197233962501,29.6579956332826,30.0044689190088,30.250851072513,30.5580172254345,30.8521181442281,..
"Age dependency ratio, young (% of working-age population)",SP.POP.DPND.YG,Aruba,ABW,39.8279363775359,33.3054729566825,27.3560445350304,27.1073922965217,26.904906619516,26.6953892041924,26.4483244467774,26.1428512185344,25.6252511396544,24.830743618202,24.0180618270233,..
"Age dependency ratio, young (% of working-age population)",SP.POP.DPND.YG,Australia,AUS,32.9265205196145,30.9999744681018,28.4708231303301,28.5616706763624,28.6483579474705,28.6781965436351,28.6496715804174,28.5648619010243,28.4274736336227,28.2416685622052,28.0046868182555,..
"Age dependency ratio, young (% of working-age population)",SP.POP.DPND.YG,Austria,AUT,25.9471738780775,25.2386315292636,21.2464862974726,21.2747968498019,21.3995133239294,21.5241450919989,21.599897883469,21.6446443389998,21.6761293632764,21.7391106264209,21.8462705450603,..
"Age dependency ratio, young (% of working-age population)",SP.POP.DPND.YG,Azerbaijan,AZE,56.5862385936937,48.8187215072081,34.3975131606375,34.8226855677091,35.2039883060269,35.3837063358935,35.3381285044448,35.205928501278,34.9532056940875,34.4946452243348,33.8273241183277,..
"Age dependency ratio, young (% of working-age population)",SP.POP.DPND.YG,"Bahamas, The",BHS,50.0020335949892,45.9251345998402,34.4513257926942,33.3941065784907,32.2936361311884,31.1847166333406,30.1179638954736,29.108020292599,28.183352873828,27.3259227901514,26.4589779875278,..
"Age dependency ratio, young (% of working-age population)",SP.POP.DPND.YG,Bahrain,BHR,52.8168015186313,42.8841758468033,26.2439254979757,26.5025393753624,26.2127357048399,25.8836326022085,25.7915248736371,26.0682843031995,26.5332356620503,26.7648315506389,26.5412870418827,..
"Age dependency ratio, young (% of working-age population)",SP.POP.DPND.YG,Bangladesh,BGD,80.000546240779,63.3098252072307,47.9258730526631,46.4695830576596,45.0319589621239,43.6198764018036,42.3096486094903,41.1300141251089,40.0419013655385,39.0623470441182,38.1975653230749,..
"Age dependency ratio, young (% of working-age population)",SP.POP.DPND.YG,Barbados,BRB,37.3483473442874,32.7022112800126,28.0699528431559,27.586443396326,27.0803392346689,26.6348727278463,26.2748501104449,25.977322638916,25.749135359189,25.5684828448513,25.337536145603,..
"Age dependency ratio, young (% of working-age population)",SP.POP.DPND.YG,Belarus,BLR,34.9039817875916,27.3885811954867,23.1397870828207,23.6976162142095,24.2103308585735,24.6270380077799,24.8980008288219,25.1040727797728,25.282025303489,25.388516981984,25.4026620756287,..
"Age dependency ratio, young (% of working-age population)",SP.POP.DPND.YG,Belgium,BEL,27.0491127692001,26.8454093060195,26.1402970074011,26.2048277695155,26.2415129173204,26.2895728746852,26.3318470865047,26.3192613122256,26.2402942998232,26.1180973386656,25.9402480135861,..
"Age dependency ratio, young (% of working-age population)",SP.POP.DPND.YG,Belize,BLZ,85.3834745762712,71.1361598375538,51.2648159351124,49.6830286729786,48.2111365189729,46.8840392403038,45.7158726289754,44.524008960748,43.3262929949904,42.2639137300097,41.294382121526,..
"Age dependency ratio, young (% of working-age population)",SP.POP.DPND.YG,Benin,BEN,89.9855200203881,87.6577802003905,80.5821081110601,80.299676763785,80.0937502114521,79.8825218430946,79.59620154507,79.2216290947962,78.8078594590493,78.3467138744503,77.8487613185122,..
"Age dependency ratio, young (% of working-age population)",SP.POP.DPND.YG,Bermuda,BMU,27.073732718894,26.8391213533179,22.2641760877774,21.9187223346754,21.7474806814587,21.883637368712,22.1385577168886,22.3812316715543,22.6042654028436,22.7735826441328,22.6645319360551,..
"Age dependency ratio, young (% of working-age population)",SP.POP.DPND.YG,Bhutan,BTN,76.1001791234977,65.7318940460411,41.1796230321854,40.1598541400943,39.0688294987505,37.8069798335405,36.3483396012609,34.8448843404735,33.3982645001709,32.0889065865446,30.9248725147744,..
"Age dependency ratio, young (% of working-age population)",SP.POP.DPND.YG,Bolivia,BOL,73.1348951919974,68.106873728641,54.1852808140719,53.3015657206233,52.4627604095501,51.6557137491253,50.863598728009,50.0877785606247,49.35909000763,48.6525395432627,47.9264741100029,..
"Age dependency ratio, young (% of working-age population)",SP.POP.DPND.YG,Bosnia and Herzegovina,BIH,34.8690273453569,28.4287453817366,21.7705105954877,21.6781139402731,21.6766752015904,21.7459888760413,21.8778820080111,22.0269424905748,22.1644782951558,22.2884173324619,22.2824389344145,..
"Age dependency ratio, young (% of working-age population)",SP.POP.DPND.YG,Botswana,BWA,88.2971433869386,67.7156012201769,55.0515364601596,54.7256764562506,54.2998494183181,53.8232547047952,53.3689285494572,52.9329447837986,52.418607133504,51.8402322902704,51.1477508115997,..
"Age dependency ratio, young (% of working-age population)",SP.POP.DPND.YG,Brazil,BRA,58.4451010690435,46.1382589316973,32.9732410521295,32.3262018346111,31.7118785153617,31.1465175948139,30.6920814940892,30.2680928529134,29.8174282255176,29.3949297434461,29.0203783832346,..
"Age dependency ratio, young (% of working-age population)",SP.POP.DPND.YG,British Virgin Islands,VGB,40.7767916785953,37.9350097269256,26.869675718925,25.9582928746474,25.0022729339031,24.0471178393873,23.109578137437,22.1528111484863,21.1622192524895,20.1945226516509,19.1832938789313,..
"Age dependency ratio, young (% of working-age population)",SP.POP.DPND.YG,Brunei Darussalam,BRN,58.610788268271,51.8442056971655,34.2869216425419,33.7519316741617,33.2325563152872,32.7471731780009,32.2938440509992,31.8808198396628,31.4887413131304,31.1045757557763,30.7294640419035,..
"Age dependency ratio, young (% of working-age population)",SP.POP.DPND.YG,Bulgaria,BGR,31.0139097207842,23.12247989348,21.5024702904327,21.5821834853158,21.6745152964141,21.7979576696182,21.9111578911035,21.9760881628856,22.0024327386689,22.0097618309893,21.9970798561613,..
"Age dependency ratio, young (% of working-age population)",SP.POP.DPND.YG,Burkina Faso,BFA,94.2873395628911,92.2487725488314,88.2446349086158,87.8708390248879,87.3141843413433,86.5937737783142,85.7878786830429,84.8988526477068,83.8426992867062,82.6263913585052,81.3547919388096,..
"Age dependency ratio, young (% of working-age population)",SP.POP.DPND.YG,Burundi,BDI,99.6212375305751,97.626361459185,89.5212283787085,91.9086893475726,94.5894151765462,95.5914660096717,94.9230831254147,93.3704914661594,91.9455205795541,90.3633435048758,88.4530895001045,..
"Age dependency ratio, young (% of working-age population)",SP.POP.DPND.YG,Cabo Verde,CPV,97.8193537347061,79.5406050988147,45.5206807167812,44.2716035757643,43.250837098132,42.4392839092384,41.6600140816684,40.843248035961,40.0113763909415,39.1688007389773,38.3463845528877,..
"Age dependency ratio, young (% of working-age population)",SP.POP.DPND.YG,Cambodia,KHM,83.5217134174481,70.803069134028,47.9892348160813,47.6031639455251,47.2329331675119,46.8295013059588,46.4159098395347,45.9923578519785,45.5064338336895,44.9593619869882,44.3688175600945,..
"Age dependency ratio, young (% of working-age population)",SP.POP.DPND.YG,Cameroon,CMR,92.7289733127171,87.9551820006611,81.0065976793147,80.2644682715723,79.8176697111235,79.5412063219953,79.1874151640474,78.640957463485,78.0139918309595,77.3322016802984,76.5788938361662,..
"Age dependency ratio, young (% of working-age population)",SP.POP.DPND.YG,Canada,CAN,30.4262961813612,28.0694572224351,23.8371159077257,23.9636190193669,24.0811326618996,24.1244581811866,24.0985155544207,24.052563714685,24.0018031055536,23.9307716842622,23.8223440198007,..
"Age dependency ratio, young (% of working-age population)",SP.POP.DPND.YG,Cayman Islands,CYM,31.4451863019599,26.274813791244,23.1774097776605,22.9438347320852,22.7673300725249,22.6731198808637,22.6104621635348,22.5216227553283,22.3469287469287,22.2628874007164,22.3303606048856,..
"Age dependency ratio, young (% of working-age population)",SP.POP.DPND.YG,Central African Republic,CAF,87.7871717093331,87.718196505795,97.2763271783944,99.3468125823989,99.2564213714747,99.1562672250208,99.053233361948,98.582217587363,97.7607298047242,97.7009085491007,97.5300405625222,..
"Age dependency ratio, young (% of working-age population)",SP.POP.DPND.YG,Chad,TCD,95.1851466430789,100.738692059936,97.4202103901803,97.4568106665085,97.4025638699599,96.9425812570738,96.3665047521084,95.8366992976688,95.3462164311069,94.7121935284536,94.1103381415954,..
"Age dependency ratio, young (% of working-age population)",SP.POP.DPND.YG,Channel Islands,CHI,23.1318878466349,25.0563493660696,22.5002280397701,22.4277708253986,22.295545392344,22.255184923734,22.3067776456599,22.3694351353926,22.378494770661,22.272562063107,22.1237973005847,..
"Age dependency ratio, young (% of working-age population)",SP.POP.DPND.YG,Chile,CHL,46.5710348396268,41.1208287999677,29.2715220941892,28.9528815686417,28.6080711450321,28.1538078770249,27.6730688551044,27.2657139501528,26.9895239217544,26.8028509664259,26.6841110550932,..
"Age dependency ratio, young (% of working-age population)",SP.POP.DPND.YG,China,CHN,43.8842416677165,35.7921500521682,25.4990788862007,25.6292971269421,25.7704978337214,26.050884383653,26.2237400793318,26.1940058962548,25.9815498306092,25.5384748415456,24.9838949028302,..
"Age dependency ratio, young (% of working-age population)",SP.POP.DPND.YG,Colombia,COL,60.6679460174669,52.0499476402049,36.4550687965934,35.5849949883112,34.7529468975853,33.8684863269838,32.9526969914464,32.141525545825,31.4952355758265,30.9911544527494,30.6395813655081,..
"Age dependency ratio, young (% of working-age population)",SP.POP.DPND.YG,Comoros,COM,94.3316261805197,91.1843402337699,72.268848403172,71.122561972764,70.0949780984405,69.1804054038389,68.4729756380642,67.8834059827638,67.2618518333771,66.6226585827419,65.9341296772777,..
"Age dependency ratio, young (% of working-age population)",SP.POP.DPND.YG,"Congo, Dem. Rep.",COD,85.0830259342671,90.5691437631819,91.1359244966251,91.279944069062,91.2770902200528,91.3059646839227,91.5527608446801,91.8776380686259,92.0574205510798,92.1057577068639,92.0766652356636,..
"Age dependency ratio, young (% of working-age population)",SP.POP.DPND.YG,"Congo, Rep.",COG,84.6783146987249,78.7492544021158,75.0603088101726,75.7400912541517,76.0925197296195,76.1004663000005,75.9061108341669,75.482873833189,74.841275290599,74.0351671747704,73.0069343062432,..
"Age dependency ratio, young (% of working-age population)",SP.POP.DPND.YG,Costa Rica,CRI,59.8239104371868,48.7944019036324,33.5108765676647,32.8782898747057,32.276099609573,31.7573255948197,31.3072893681303,30.8475287787966,30.3427341083149,29.8144065095947,29.2666288935989,..
"Age dependency ratio, young (% of working-age population)",SP.POP.DPND.YG,Cote d'Ivoire,CIV,93.6317714893236,85.7706808937378,81.7022106477237,80.7693213187271,79.8339983608439,78.9239604479793,77.9582744053924,76.9313785278114,75.9008131145972,74.9080503917703,73.8950203188765,..
"Age dependency ratio, young (% of working-age population)",SP.POP.DPND.YG,Croatia,HRV,28.711417306932,25.6143729675894,21.9146320378902,21.8075903408733,21.7561406966183,21.7890209499144,21.8895624484374,22.0187552477829,22.0945254439954,22.1273967025682,22.1578263981438,..
"Age dependency ratio, young (% of working-age population)",SP.POP.DPND.YG,Cuba,CUB,32.9526751925994,30.7938685094912,24.4298371436841,24.1345567106104,23.8496608484606,23.5660588529902,23.3621903935734,23.2278360446113,23.1244690122483,23.0546459563237,22.9598286526876,..
"Age dependency ratio, young (% of working-age population)",SP.POP.DPND.YG,Curacao,CUW,43.5622681505034,39.8568844128458,31.9691029544813,31.5643747115828,30.9984203414346,30.2104355570715,27.5019006471472,25.9544104173029,26.0334262895301,25.584716325743,25.2621656651349,..
"Age dependency ratio, young (% of working-age population)",SP.POP.DPND.YG,Cyprus,CYP,37.8862137982029,32.8259757146479,22.670383298475,22.6415831087109,22.6810907528502,22.7425309327374,22.7908950185569,22.8490128337989,22.9182334633051,22.9828209357348,23.0050556630697,..
"Age dependency ratio, young (% of working-age population)",SP.POP.DPND.YG,Czechia,CZE,32.4480475633584,23.5914571521223,22.4357050259908,22.9165608382719,23.3752946371733,23.8210480708086,24.2565674746148,24.665323468319,24.9898069302337,25.1838533505237,25.1600186032572,..
"Age dependency ratio, young (% of working-age population)",SP.POP.DPND.YG,Denmark,DNK,25.3060058513501,27.7029546927638,26.575914019409,26.3055268591509,26.0940768805343,25.9540050329415,25.8275036500765,25.6856554726968,25.5461016359488,25.4304576703418,25.3094971184084,..
"Age dependency ratio, young (% of working-age population)",SP.POP.DPND.YG,Djibouti,DJI,82.0904796606199,68.6707575106439,55.8736906426015,54.6719350348623,53.3911051082164,52.0629136746681,50.7523425923994,49.5414795005797,48.4699892093151,47.5340589936703,46.7060622056475,..
"Age dependency ratio, young (% of working-age population)",SP.POP.DPND.YG,Dominica,DMA,57.271867847547,49.8990292207002,32.4563638680087,31.6377841499397,30.6443304279739,29.9430083452066,29.3930612573452,28.9270812636598,28.4645004125575,28.046878046878,27.7070558099821,..
"Age dependency ratio, young (% of working-age population)",SP.POP.DPND.YG,Dominican Republic,DOM,67.1832326875753,58.1804528996567,45.3349315913603,44.7411736793138,44.1644770534916,43.6326919158455,43.14735967304,42.6930082234272,42.2300519759318,41.7881110128239,41.394531883205,..
"Age dependency ratio, young (% of working-age population)",SP.POP.DPND.YG,Ecuador,ECU,67.4733576460776,59.3651059295034,46.0633799184937,45.1089145520301,44.1301836388899,43.1432008335111,42.0596415302537,41.0080977877614,40.157078622052,39.3865561204091,38.6487488584032,..
"Age dependency ratio, young (% of working-age population)",SP.POP.DPND.YG,"Egypt, Arab Rep.",EGY,75.3273210022341,63.3113312793675,53.5286744930696,53.859329977023,54.0255335290533,53.991593484832,53.9134250508889,53.7581405285496,53.4948355288062,53.1584123738501,52.7418712617572,..
"Age dependency ratio, young (% of working-age population)",SP.POP.DPND.YG,El Salvador,SLV,76.3920949346193,64.0860623454658,45.4874818837011,44.128053909026,42.911344972346,41.8578961358177,41.0022337431781,40.2972676586923,39.6339438936762,38.9807275423459,38.2973729400627,..
"Age dependency ratio, young (% of working-age population)",SP.POP.DPND.YG,Equatorial Guinea,GNQ,76.1189991647943,78.9572342514376,66.3157197283419,66.4064859931964,66.6606029393508,66.964624000095,67.1428669886006,67.0609614809993,67.0186772370701,66.7401173385016,65.9276863497427,..
"Age dependency ratio, young (% of working-age population)",SP.POP.DPND.YG,Eritrea,ERI,86.8216181639177,86.6820339943753,77.8890627929763,78.2752881902772,78.1663948660246,77.5967899891186,76.2630590347991,74.6039260519922,72.7349178792459,70.7727703595523,69.0199501091929,..
"Age dependency ratio, young (% of working-age population)",SP.POP.DPND.YG,Estonia,EST,33.663580121958,26.1707749003794,24.2341074170223,24.6015303476916,24.9789027552179,25.3301310600816,25.5860548514224,25.8148603248787,25.9905116040518,26.0759189490452,26.0355120087156,..
"Age dependency ratio, young (% of working-age population)",SP.POP.DPND.YG,Eswatini,SWZ,96.5180887693977,82.5920731032406,64.0277451706307,63.2488865261851,62.4126538220302,61.5323167360242,60.5841933782411,59.5433188823569,58.4692283399429,57.4459159083156,56.5928986709272,..
"Age dependency ratio, young (% of working-age population)",SP.POP.DPND.YG,Ethiopia,ETH,91.0926387231234,95.5236125346542,79.6374729835936,77.9896835286429,76.4217550567005,74.9059830125605,73.5543681529489,72.3810397982954,71.2792341913676,70.2295204785571,69.2335961450784,..
"Age dependency ratio, young (% of working-age population)",SP.POP.DPND.YG,Faroe Islands,FRO,38.1638044914135,37.9101869648786,34.0223260127861,33.8442733969806,33.6522448979592,33.622524672644,33.5337532608004,33.6223143611006,33.6217859247542,33.6452337714303,33.7609723160027,..
"Age dependency ratio, young (% of working-age population)",SP.POP.DPND.YG,Fiji,FJI,67.2947569458228,55.8153608197593,46.7126875834311,46.5133289714295,46.2691064941153,45.9550631292658,45.5697090452991,45.1425060768758,44.7141791889427,44.2301296973728,43.683017752451,..
"Age dependency ratio, young (% of working-age population)",SP.POP.DPND.YG,Finland,FIN,28.7036162357665,27.1227057758565,25.6562933797444,25.7869478922038,25.8436017000656,25.8555580377645,25.7884036179632,25.5824770862533,25.3220520569927,25.0140811442579,24.6503350812315,..
"Age dependency ratio, young (% of working-age population)",SP.POP.DPND.YG,France,FRA,30.461655822403,28.7354344129742,28.9514456611711,29.0025719911667,28.9663283017004,28.9077515500372,28.8345313689242,28.7262540840549,28.5687448301246,28.3400007539394,28.1293368635726,..
"Age dependency ratio, young (% of working-age population)",SP.POP.DPND.YG,French Polynesia,PYF,59.490150997328,49.9872544935682,35.7992694645266,35.1876158509093,34.523442702794,33.8557097434128,33.2686099970654,32.7640822830935,32.2219541616405,31.6169919236628,30.9706992800829,..
"Age dependency ratio, young (% of working-age population)",SP.POP.DPND.YG,Gabon,GAB,81.7115201865332,75.4786652276892,61.927282513486,61.6918514216977,61.5975263941036,61.5930142119777,61.5857573156673,61.5041654989682,61.3202103619825,61.0319562608119,60.6464382439347,..
"Age dependency ratio, young (% of working-age population)",SP.POP.DPND.YG,"Gambia, The",GMB,89.3835914637147,90.5199840034522,87.7898327193245,87.14313611289,86.3807551583171,85.5005653509771,84.4594965745873,83.2521777942868,81.9204356577397,80.4690674985216,78.9757810704755,..
"Age dependency ratio, young (% of working-age population)",SP.POP.DPND.YG,Georgia,GEO,37.7210010182674,36.0102620270912,28.3022056079556,29.0709341794272,29.8765228870955,30.6367217979661,31.3310450273335,31.9174141981834,32.3681782019361,32.781146564501,33.1592967859384,..
"Age dependency ratio, young (% of working-age population)",SP.POP.DPND.YG,Germany,DEU,23.4101377524735,22.9661986648857,20.0034222811706,20.0542132994765,20.2290343147891,20.5082410899222,20.8091767935351,21.1029506785209,21.3916306722836,21.6917683760973,21.9369550151115,..
"Age dependency ratio, young (% of working-age population)",SP.POP.DPND.YG,Ghana,GHA,92.3935879341769,77.5386769202677,67.3135386318481,66.9936963766392,66.5136848428196,65.8314027713586,65.1182201649105,64.454037012689,63.6837493281538,62.8579583195912,62.0715950778302,..
"Age dependency ratio, young (% of working-age population)",SP.POP.DPND.YG,Gibraltar,GIB,31.0766855945752,28.9958342468757,27.5062924443178,27.6430140387738,27.7516327314637,27.8480401621935,27.873618918395,27.7451028046469,27.4699030072623,27.3778605380507,27.4255570893315,..
"Age dependency ratio, young (% of working-age population)",SP.POP.DPND.YG,Greece,GRC,28.8678935268493,21.6513862141982,22.5320720549597,22.5083329092303,22.474776647905,22.4548078273726,22.412878135832,22.3515566807619,22.277045734167,22.165945901843,21.9075345822371,..
"Age dependency ratio, young (% of working-age population)",SP.POP.DPND.YG,Greenland,GRL,36.7094432230687,39.4903293256665,29.9113275883602,29.6479137952638,29.4125012521286,29.2882410497002,29.3403960146298,29.5695397658458,29.8127530364372,29.9891031651504,30.1751429738562,..
"Age dependency ratio, young (% of working-age population)",SP.POP.DPND.YG,Grenada,GRD,65.8774673713731,57.0150253612786,36.0267993097148,35.8509782226022,35.8717359828249,36.0697042286736,36.2522842890305,36.4092165898618,36.4658300851651,36.4246854811289,36.3351822982755,..
"Age dependency ratio, young (% of working-age population)",SP.POP.DPND.YG,Guam,GUM,45.0403489640131,46.7722454658769,41.6033140200022,41.8453384726572,42.1424115165793,42.4288670218244,42.6058128802577,42.7098339525362,42.5853783376461,42.2528709643991,41.9489698355861,..
"Age dependency ratio, young (% of working-age population)",SP.POP.DPND.YG,Guatemala,GTM,89.1146099901641,82.9135877114894,62.2780001188315,60.8569477083781,59.4654395379808,58.1146149421766,56.8435462840931,55.596085474904,54.2858044243534,52.96732080461,51.6732113424874,..
"Age dependency ratio, young (% of working-age population)",SP.POP.DPND.YG,Guinea,GIN,82.932903995875,88.5063744596673,82.3177928285033,81.4247732193366,80.6180758236893,79.8510785871346,79.0570915185694,78.1838116054734,77.2594470659471,76.3234458392236,75.3464588661603,..
"Age dependency ratio, young (% of working-age population)",SP.POP.DPND.YG,Guinea-Bissau,GNB,98.6151231396574,86.1839287143254,78.9759537840374,78.2945665023874,77.4898305809066,76.5016218886464,75.3523217320866,74.1421497338646,72.9013584882351,71.6314767427711,70.292707000883,..
"Age dependency ratio, young (% of working-age population)",SP.POP.DPND.YG,Guyana,GUY,61.5031958948506,61.2215971811334,46.9820224904502,46.5451669221249,46.2033734664904,45.9633746831904,44.6347673946324,44.0246513534114,44.3629572092432,44.090343463955,43.9481155814682,..
"Age dependency ratio, young (% of working-age population)",SP.POP.DPND.YG,Haiti,HTI,78.0808152440795,72.171275470465,56.2974937522582,55.4187066264789,54.5958707270572,53.865462307683,53.1838858052948,52.5220150169259,51.876594586754,51.238391120677,50.6086404182017,..
"Age dependency ratio, young (% of working-age population)",SP.POP.DPND.YG,Honduras,HND,91.4828647798176,78.9409347865306,56.6293610734688,54.9101089085411,53.2863271157926,51.7738897309708,50.3800560442475,49.1002562675276,47.9313155800063,46.8711942124211,45.9056606860797,..
"Age dependency ratio, young (% of working-age population)",SP.POP.DPND.YG,"Hong Kong SAR, China",HKG,29.8408820779524,23.7654570030148,15.881633936828,15.9105155548398,16.144601548844,16.6211277739908,17.0573630511057,17.4595642640669,17.7453424728926,17.8439381323724,17.8414549650086,..
"Age dependency ratio, young (% of working-age population)",SP.POP.DPND.YG,Hungary,HUN,30.4733197362047,24.6713423327336,21.3167696813551,21.4835905866823,21.6429161111018,21.7975860170692,21.9328147086242,22.0968764349333,22.2769940008971,22.3807601404938,22.0319968636916,..
"Age dependency ratio, young (% of working-age population)",SP.POP.DPND.YG,Iceland,ISL,38.7594821020564,35.7440723112528,30.8578178059944,30.5072970514702,30.0154015203372,29.4059887694135,28.7213290324226,28.2097671697283,28.0422414815603,28.0360692296505,27.9295847620856,..
"Age dependency ratio, young (% of working-age population)",SP.POP.DPND.YG,India,IND,65.5131723407665,57.9752480913701,44.5503416416854,43.56649901114,42.574193664501,41.5822652662686,40.6366400887317,39.7317574174921,38.8487673077358,38.0500845840831,37.3264583924646,..
"Age dependency ratio, young (% of working-age population)",SP.POP.DPND.YG,Indonesia,IDN,59.39575580563,47.5515277163135,40.5408865179841,40.1498050885142,39.7436398626434,39.3311948980022,38.9148959234995,38.4950112671162,38.0617846741699,37.6070641738808,37.1030924227242,..
"Age dependency ratio, young (% of working-age population)",SP.POP.DPND.YG,"Iran, Islamic Rep.",IRN,81.9329758137109,52.6872911090421,32.1513569731407,33.1752190653098,33.8806924843919,34.3617353880592,34.7475034022991,34.8916632669285,34.8222401513943,34.602232414034,34.2467357026868,..
"Age dependency ratio, young (% of working-age population)",SP.POP.DPND.YG,Iraq,IRQ,87.2951213032191,81.3468536008956,71.7853297015005,71.0597346823853,70.2181265384299,69.2976072246719,68.3056612483407,67.2648767242493,66.2275172490733,65.1982057982686,64.1109663411659,..
"Age dependency ratio, young (% of working-age population)",SP.POP.DPND.YG,Ireland,IRL,44.1443901082346,32.3758993566457,32.7086157141339,32.6011236483874,32.4082155397801,32.1201334023389,31.7653006109958,31.3300085627997,30.9106580423126,30.5146550648038,30.0005527346172,..
"Age dependency ratio, young (% of working-age population)",SP.POP.DPND.YG,Isle of Man,IMN,27.3602020897922,27.5038583380716,25.3746067792193,25.3034687511744,25.2103700622128,25.0123054787778,24.7606433301798,24.4475112010133,24.0571115601806,23.631812707016,23.2663326013926,..
"Age dependency ratio, young (% of working-age population)",SP.POP.DPND.YG,Israel,ISR,51.3893430283566,45.3033180707554,45.8246508860868,46.1473290393961,46.5543758744486,46.8559262993823,46.9500618727775,47.0277451391173,47.0959780608337,47.0280592930932,46.8710590785726,..
"Age dependency ratio, young (% of working-age population)",SP.POP.DPND.YG,Italy,ITA,24.1447852853576,21.177729330353,21.5029374541832,21.3782683080757,21.1892979878346,20.9714344492125,20.718551018692,20.4434775290501,20.1631200459032,19.8716505554762,19.5702121410161,..
"Age dependency ratio, young (% of working-age population)",SP.POP.DPND.YG,Jamaica,JAM,64.0188036117215,55.0317832683794,33.9889243006631,33.0368581521446,32.2885969530287,31.4986437443176,30.6535798031494,29.7764018330673,28.8851397022641,28.0132450331126,27.2856528574431,..
"Age dependency ratio, young (% of working-age population)",SP.POP.DPND.YG,Japan,JPN,25.634248718214,21.1912802092457,21.0845899514626,21.123062613305,21.080990695125,20.9707455483094,20.796946802531,20.5838579375382,20.3683421709157,20.1474668909191,19.8839843854467,..
"Age dependency ratio, young (% of working-age population)",SP.POP.DPND.YG,Jordan,JOR,88.330604158874,70.8107991737176,57.4317627629698,56.7406007837139,55.873069118056,55.0216196201976,54.1144572636422,53.1661162617722,52.2011607193298,51.217924965588,50.0945017229657,..
"Age dependency ratio, young (% of working-age population)",SP.POP.DPND.YG,Kazakhstan,KAZ,50.4804848007248,42.6946640828265,39.6477810235699,40.9078897302776,42.1891842464796,43.4103586559582,44.528977256408,45.5464738248425,46.485074879217,47.2388068433839,47.6244107702236,..
"Age dependency ratio, young (% of working-age population)",SP.POP.DPND.YG,Kenya,KEN,101.70892071237,88.2654219125521,75.5717708064239,74.3245918776392,72.9689079785444,71.5221166889098,70.0334458292518,68.508656276781,66.9364463698859,65.3411401823142,63.7462740294752,..
"Age dependency ratio, young (% of working-age population)",SP.POP.DPND.YG,Kiribati,KIR,72.1539993362098,72.083616995715,58.5324451164715,58.4600466567357,58.59282972325,58.937026191193,59.4460822762556,59.9350840167766,60.1962305840885,60.1980990753655,60.0190150218673,..
"Age dependency ratio, young (% of working-age population)",SP.POP.DPND.YG,"Korea, Dem. People's Rep.",PRK,38.6614478390578,37.6070114479294,28.9498814219825,28.5298861707622,28.1256715386157,27.7318490949017,27.4583238988496,27.2892425761649,27.206374144614,27.1876730570431,27.2353066602333,..
"Age dependency ratio, young (% of working-age population)",SP.POP.DPND.YG,"Korea, Rep.",KOR,37.4733195227653,29.2029210956589,19.4012961599021,18.7950093113257,18.2483659629099,17.8577396551722,17.5300852877238,17.1818113829391,16.8967389270187,16.6427029046492,16.3125111403722,..
"Age dependency ratio, young (% of working-age population)",SP.POP.DPND.YG,Kosovo,XKX,64.9537998843262,62.0311958123532,40.319486993443,39.3889443621065,37.8648749091014,36.5352842417063,35.4589499253545,34.5105813739272,33.4534402160768,32.314359488841,31.1482964104859,..
"Age dependency ratio, young (% of working-age population)",SP.POP.DPND.YG,Kuwait,KWT,65.1281851063212,41.1133904222998,28.7710801047479,28.585577345791,28.4678403255865,28.4266272399814,27.9254175955661,27.5448463633059,27.9501735095067,28.3788103112554,27.8601534051778,..
"Age dependency ratio, young (% of working-age population)",SP.POP.DPND.YG,Kyrgyz Republic,KGZ,65.5595288611347,60.7824969497997,49.8658099293977,50.9780560445843,52.0955650554505,53.1415593273014,54.2154445897876,55.2407600818778,55.9691769357391,56.3605745609852,56.4580345542359,..
"Age dependency ratio, young (% of working-age population)",SP.POP.DPND.YG,Lao PDR,LAO,83.3863755264069,79.1629342551748,54.0417786294554,52.8213128220692,51.8242341644912,50.9675251939528,50.2105971562601,49.4872742489896,48.7579567796646,47.9941331959578,47.2123084428294,..
"Age dependency ratio, young (% of working-age population)",SP.POP.DPND.YG,Latvia,LVA,31.8040712238903,26.2175833109772,22.605440219421,23.0282188182447,23.5090926760049,24.0043302558963,24.3603032600208,24.6526904066734,24.8615551794036,24.8991909060854,24.8632021411543,..
"Age dependency ratio, young (% of working-age population)",SP.POP.DPND.YG,Lebanon,LBN,62.0443276962925,50.6466819597341,35.7641088179243,36.4717635791176,38.2554594269296,40.0661745318354,41.8715727131713,43.6000242335459,44.3128599609182,44.0066805169822,43.790879121486,..
"Age dependency ratio, young (% of working-age population)",SP.POP.DPND.YG,Lesotho,LSO,79.4587370670125,69.4215946169108,58.2656367004296,57.8917075333383,57.4949238209046,57.0359221549519,56.504050544134,56.0034177955073,55.5987057348342,55.270900191899,54.9624639265076,..
"Age dependency ratio, young (% of working-age population)",SP.POP.DPND.YG,Liberia,LBR,82.8013917358663,77.6606681523511,79.4361848378469,79.0656286728828,78.5378762194612,77.9924465089117,77.285339875871,76.37254219784,75.1457478468724,73.7017631398103,72.1436789925576,..
"Age dependency ratio, young (% of working-age population)",SP.POP.DPND.YG,Libya,LBY,72.3337024299676,53.332683061742,49.9914411371944,49.4609566993357,48.8355399029981,47.990845531252,46.9473781509882,45.8310357586939,44.6838855981719,43.5096937920017,42.3277503277134,..
"Age dependency ratio, young (% of working-age population)",SP.POP.DPND.YG,Liechtenstein,LIE,27.0499436357398,25.9330102864915,22.1662370127334,21.8714725000973,21.7099129894344,21.7232821467349,21.8238141335915,21.9386768742992,21.8887431525345,21.8448282494134,21.8567476175838,..
"Age dependency ratio, young (% of working-age population)",SP.POP.DPND.YG,Lithuania,LTU,33.7257904967734,29.7060613846464,21.8649349423403,21.9843753819938,22.243895000683,22.5571138606379,22.8379969657635,23.0922318362589,23.360932147738,23.6388803188606,23.9882267999518,..
"Age dependency ratio, young (% of working-age population)",SP.POP.DPND.YG,Luxembourg,LUX,25.0751646824198,28.2587088466649,24.2244112907418,23.9186034427256,23.5597507313234,23.281371333761,23.1490941771912,23.0476234660976,23.0071135774558,22.9498814856206,22.8416732704389,..
"Age dependency ratio, young (% of working-age population)",SP.POP.DPND.YG,"Macao SAR, China",MAC,37.5888641781193,33.1753003015483,16.2011114474038,16.4589778132588,16.8025070629461,17.2750403679601,17.9027869101209,18.6355156719898,19.3753597467383,20.0008372054083,20.527684505246,..
"Age dependency ratio, young (% of working-age population)",SP.POP.DPND.YG,Madagascar,MDG,87.8934082004367,86.8155550325995,75.1070004339373,74.0538821773504,73.0985601486818,72.2175608770362,71.3672903108683,70.5112561863405,69.6418894087882,68.7550062646205,67.8527456890892,..
"Age dependency ratio, young (% of working-age population)",SP.POP.DPND.YG,Malawi,MWI,91.705244941888,88.9686329439165,91.8125139591044,90.636330141858,89.2081721858081,87.5619211099067,85.7530853390773,83.8056697216954,81.7596239566856,79.7021112539421,77.725720169743,..
"Age dependency ratio, young (% of working-age population)",SP.POP.DPND.YG,Malaysia,MYS,60.7169299105672,53.7602378614827,37.3067831379703,36.5160012047984,35.7760010109633,35.0877515674318,34.4839236611014,33.9267760952053,33.390750389624,32.9019470766962,32.4711539106697,..
"Age dependency ratio, young (% of working-age population)",SP.POP.DPND.YG,Maldives,MDV,92.7580405042328,71.3256565885757,32.2832115240626,31.4817206672232,30.8485021569541,30.3333937985701,29.907843799671,29.6151172683283,29.5143130976956,29.4531770139814,29.4805026221507,..
"Age dependency ratio, young (% of working-age population)",SP.POP.DPND.YG,Mali,MLI,94.1510514345133,92.6302539718386,97.5785654962382,97.7285527594185,97.6245070024829,97.2872618298111,96.8342636960324,96.2400741758669,95.4141727988807,94.467860714445,93.5737498652787,..
"Age dependency ratio, young (% of working-age population)",SP.POP.DPND.YG,Malta,MLT,35.0989706371475,28.9764399789433,20.3469277776083,20.1553368449317,20.0265196092734,19.9339478017298,19.7790357925493,19.5860379884088,19.4215619369594,19.3157646952053,19.4159317623247,..
"Age dependency ratio, young (% of working-age population)",SP.POP.DPND.YG,Marshall Islands,MHL,110.265677806985,84.9217688260097,63.9542636175745,62.304707271807,60.8088210115399,59.5759520156228,58.3588465646137,56.8742271040954,55.0570568338104,53.0509827776299,51.5275337966853,..
"Age dependency ratio, young (% of working-age population)",SP.POP.DPND.YG,Mauritania,MRT,87.5932539969442,83.1356898277997,83.7320113634898,82.9968115445932,82.1927819943935,81.2952324746157,80.3037452388255,79.2088951819315,78.0131723470742,76.7567180216468,75.4119528615019,..
"Age dependency ratio, young (% of working-age population)",SP.POP.DPND.YG,Mauritius,MUS,46.0355257232876,37.5739582805465,28.2211927708425,27.4242751261061,26.67721118,25.9688080240936,25.2703703004953,24.5738516622225,23.9225111208015,23.4108513349993,23.0015059366077,..
"Age dependency ratio, young (% of working-age population)",SP.POP.DPND.YG,Mexico,MEX,68.6967190209136,56.3543191101618,43.158638239878,42.2137383705232,41.3071373111875,40.4545405421996,39.6067940032745,38.7735184183204,38.0192949820799,37.2917824924616,36.4853057691316,..
"Age dependency ratio, young (% of working-age population)",SP.POP.DPND.YG,"Micronesia, Fed. Sts.",FSM,85.4136711615435,71.0973504584831,53.6358706008238,52.6350997615031,51.849016265565,51.2588145743871,50.6182534696442,50,49.2297066824531,48.4006745738617,47.7059034383875,..
"Age dependency ratio, young (% of working-age population)",SP.POP.DPND.YG,Moldova,MDA,42.5335668603374,32.7152367508056,25.0163122005441,25.8327001298443,26.7076081569308,27.5246837635864,28.2340040447579,28.8443728452134,29.329364483705,29.7441587879391,28.5231766080864,..
"Age dependency ratio, young (% of working-age population)",SP.POP.DPND.YG,Monaco,MCO,19.3236714975845,20.7229606961844,22.5287005994107,22.5842525288466,22.7995920448751,23.1191343145802,23.4957167922386,23.9640201736599,24.4744586924532,25,25.5304291776333,..
"Age dependency ratio, young (% of working-age population)",SP.POP.DPND.YG,Mongolia,MNG,75.4632978925465,57.3633835551688,42.7726554826623,43.7932594561142,45.0135899741945,46.4065301091666,47.9460903521489,49.5067101029997,50.681725346309,51.3556889649066,51.5940226197686,..
"Age dependency ratio, young (% of working-age population)",SP.POP.DPND.YG,Montenegro,MNE,38.6854680454788,32.9485130148205,27.5081267584214,27.4875921496049,27.4415198380218,27.4065889191818,27.4220960437247,27.5238872454011,27.6575768170938,27.7329720408917,27.6877462026838,..
"Age dependency ratio, young (% of working-age population)",SP.POP.DPND.YG,Morocco,MAR,71.9404126163058,55.2764932929922,42.5216604393331,42.3180092529703,42.087791691344,41.8653180039886,41.682794731949,41.476006579349,41.1995930938365,40.8574104833555,40.4661092024348,..
"Age dependency ratio, young (% of working-age population)",SP.POP.DPND.YG,Mozambique,MOZ,84.0626198101281,83.994827743286,86.4882237260826,85.7158206598787,84.8021275973563,83.9336093629726,83.2445959455,82.6050567893776,81.9320516469646,81.3075184054836,80.7283518082094,..
"Age dependency ratio, young (% of working-age population)",SP.POP.DPND.YG,Myanmar,MMR,61.3183169803149,50.2863233350966,39.7643099133875,39.2134739822282,38.6813844812912,38.1317992686514,37.6029362625121,37.1383950902132,36.7184973085227,36.3292112802803,35.9489454961375,..
"Age dependency ratio, young (% of working-age population)",SP.POP.DPND.YG,Namibia,NAM,78.0969518042431,75.6272076353285,60.8189210022709,60.5936187482238,60.4892916311348,60.4902283935238,60.5415116575426,60.5816530955813,60.5779327201666,60.5796045283298,60.6131130430024,..
"Age dependency ratio, young (% of working-age population)",SP.POP.DPND.YG,Nauru,NRU,69.5432388517783,66.3625997719498,63.514949157687,64.278250485147,64.9787171583737,65.6412478336222,66.0516605166052,66.1357921207041,66.1474844934528,65.9652457235949,65.9860290166577,..
"Age dependency ratio, young (% of working-age population)",SP.POP.DPND.YG,Nepal,NPL,75.8646538112263,73.1344663360763,55.9547492116125,54.6199870806393,53.1045103267633,51.5528713282532,50.0935951372141,48.7340444004085,47.170810128667,45.5267737067933,44.4178220404609,..
"Age dependency ratio, young (% of working-age population)",SP.POP.DPND.YG,Netherlands,NLD,26.474952778723,27.3985013671913,25.6192517460682,25.3313295458518,25.0265425693602,24.7580195273618,24.4913486634616,24.2545926850539,24.0920668421134,24.0180428092131,24.0038056344806,..
"Age dependency ratio, young (% of working-age population)",SP.POP.DPND.YG,New Caledonia,NCL,52.3404493438908,46.4839042239614,36.4259160322337,35.9497957963941,35.4640995227981,35.0178339461459,34.6249023899343,34.2963289118829,33.9853961460827,33.6426978355553,33.2702835017135,..
"Age dependency ratio, young (% of working-age population)",SP.POP.DPND.YG,New Zealand,NZL,35.4119823303558,34.7601846833124,30.9198777702411,30.6155778102966,30.362369236306,30.1765962623698,29.9314061994366,29.510938902512,29.1770024830008,28.9817766846977,28.7814232724407,..
"Age dependency ratio, young (% of working-age population)",SP.POP.DPND.YG,Nicaragua,NIC,89.23265794815,71.7910388816755,51.4250601228294,50.5828369232093,49.8130565409086,49.089934481075,48.4038134260342,47.7502926946358,47.1062253252243,46.4424967853106,45.7420592093505,..
"Age dependency ratio, young (% of working-age population)",SP.POP.DPND.YG,Niger,NER,92.5434512542662,93.4195703130985,101.533403422803,101.367202651562,101.183165610084,101.067807911152,100.970014949832,100.842128944261,100.683971446893,100.469711396406,100.194888382962,..
"Age dependency ratio, young (% of working-age population)",SP.POP.DPND.YG,Nigeria,NGA,85.991681029274,81.0694414489307,84.3666876484102,84.1503599602764,83.7969086119391,83.2751529007667,82.6663548821561,82.0310543715754,81.3186486314739,80.5586173589488,79.7404393911292,..
"Age dependency ratio, young (% of working-age population)",SP.POP.DPND.YG,North Macedonia,MKD,38.5995602455528,33.1522882358293,24.6217544429362,24.3959900888192,24.1466639200997,23.8531483864028,23.5427862039633,23.3369788741028,23.2644191032446,23.2278566532782,23.1764188606905,..
"Age dependency ratio, young (% of working-age population)",SP.POP.DPND.YG,Northern Mariana Islands,MNP,47.9949874686717,54.2177347184934,34.9868952713771,34.3398509473916,33.7895233600755,33.320232447152,32.8953356086462,32.4591015320696,32.074424582311,31.6716321052476,31.1982428541747,..
"Age dependency ratio, young (% of working-age population)",SP.POP.DPND.YG,Norway,NOR,29.251369259977,30.8625811836063,27.5447009088313,27.350788164487,27.2422108995866,27.1749219438494,27.0228754889983,26.7591104734577,26.4547286323785,26.1280180141188,25.7601554187191,..
"Age dependency ratio, young (% of working-age population)",SP.POP.DPND.YG,Oman,OMN,81.7278149286102,61.5919801071382,29.3996386284832,29.6106564202877,29.4216641647475,29.7454396037091,30.9132058238865,32.8749142762095,35.8147947654579,38.0036398524588,38.4919009692446,..
"Age dependency ratio, young (% of working-age population)",SP.POP.DPND.YG,Pakistan,PAK,82.8194577058768,80.0466023991104,66.9378386797437,66.6340681529686,66.3349701143197,65.8462689486324,65.1619527946191,64.4482862019936,63.6553152635346,62.782209050814,61.807088944449,..
"Age dependency ratio, young (% of working-age population)",SP.POP.DPND.YG,Palau,PLW,47.6253974766643,38.4700747207221,28.6659402241594,28.6048689138577,28.7156609532754,28.8227440508914,29.0683915752938,29.4746850487283,29.8576314324346,30.1492299098236,30.4184033344021,..
"Age dependency ratio, young (% of working-age population)",SP.POP.DPND.YG,Panama,PAN,60.7239543267004,51.6554581954894,43.7906151989485,43.390048262035,42.9693873516041,42.5320023647365,42.0790459923016,41.5770119864884,41.071133462937,40.6114915311144,40.1430596919492,..
"Age dependency ratio, young (% of working-age population)",SP.POP.DPND.YG,Papua New Guinea,PNG,76.9526426270898,70.3209903108012,60.9114850619854,60.1863173018031,59.4364220425484,58.6567188782811,57.8579171357567,57.0599124959418,56.272667809772,55.4982634957318,54.7364726968849,..
"Age dependency ratio, young (% of working-age population)",SP.POP.DPND.YG,Paraguay,PRY,75.5222399649927,68.3498724779963,48.5263688968195,47.7336203349055,47.0705421366411,46.514219258094,46.0328293480505,45.5960184516565,45.1908780972222,44.8194817811564,44.496628519754,..
"Age dependency ratio, young (% of working-age population)",SP.POP.DPND.YG,Peru,PER,69.0654482416244,56.976787663844,45.1520666977366,44.6027745798677,44.0513428559996,43.4378310817064,42.597815249132,41.7276983712775,40.9924775296947,40.2912945456503,39.6556668724863,..
"Age dependency ratio, young (% of working-age population)",SP.POP.DPND.YG,Philippines,PHL,72.2663963995154,64.3973734469293,52.9465184104441,52.0295599660944,51.1847739333213,50.4613005209732,49.7878984534203,49.1300866938723,48.4693086658941,47.8422743287491,47.2326522620579,..
"Age dependency ratio, young (% of working-age population)",SP.POP.DPND.YG,Poland,POL,38.3684043860238,28.2169071703595,21.4093654746677,21.5496814301395,21.7620185365587,22.1069767998354,22.510375175064,22.867525084517,23.1570275709412,23.3595645911842,22.8532031731661,..
"Age dependency ratio, young (% of working-age population)",SP.POP.DPND.YG,Portugal,PRT,31.0452555654456,24.2833711288452,22.1231552901967,21.8288230030693,21.6172624672389,21.4795319435943,21.3233497838654,21.177121625719,21.0187839086684,20.8176679983895,20.6233432713258,..
"Age dependency ratio, young (% of working-age population)",SP.POP.DPND.YG,Puerto Rico,PRI,43.4250636879211,37.0456814080628,26.4467589590908,25.4850801505731,24.5136992436597,23.5496600558059,22.7008111915662,22.0857668458481,21.6613474505644,21.3305854472515,21.1158344003414,..
"Age dependency ratio, young (% of working-age population)",SP.POP.DPND.YG,Qatar,QAT,38.0370172572342,31.4157505233143,17.017799046127,16.3285255451154,16.0582678190196,16.176988497671,16.4879985623655,17.3192375595987,18.4089256344827,19.0365141166063,19.128116833978,..
"Age dependency ratio, young (% of working-age population)",SP.POP.DPND.YG,Romania,ROU,35.6318377821496,27.3618511296601,23.1998054083905,23.3050136685266,23.5191058859941,23.8230005002603,24.1301519536909,24.3691804274633,24.5315548750798,24.6377972056672,24.3262791159463,..
"Age dependency ratio, young (% of working-age population)",SP.POP.DPND.YG,Russian Federation,RUS,34.2676219103412,26.4247421720452,23.4306282780163,24.2344106711797,24.9851069752337,25.5806108932401,25.9481366341432,26.1905205446871,26.3834569269601,26.5713182437247,26.6238056787646,..
"Age dependency ratio, young (% of working-age population)",SP.POP.DPND.YG,Rwanda,RWA,99.5646059970258,89.4636020828217,74.492800821868,73.7210780824876,72.7519742680707,71.6802365060149,70.6272095781012,69.5192103075486,68.3101636044995,67.0883511363221,65.9372011842823,..
"Age dependency ratio, young (% of working-age population)",SP.POP.DPND.YG,Samoa,WSM,74.1697059677888,75.2151719883384,67.6843096891246,67.4508551251392,67.2724010662292,67.142965850194,67.0092910354064,66.8085282550197,66.4644487932159,65.9758535220277,65.6682045760008,..
"Age dependency ratio, young (% of working-age population)",SP.POP.DPND.YG,San Marino,SMR,23.193588162762,21.7266731538545,22.4995526927894,22.3287549054584,21.9640644361834,21.4743871364555,20.9832764206287,20.439742973292,19.9938480467548,19.5966312056738,19.074938848121,..
"Age dependency ratio, young (% of working-age population)",SP.POP.DPND.YG,Sao Tome and Principe,STP,91.5709959735117,81.1674545382721,78.0778900343,77.9935779816514,77.5625163095806,76.8213847904118,75.8458321813658,74.6513299784328,73.0501238081919,71.2387651426338,69.5278969957081,..
"Age dependency ratio, young (% of working-age population)",SP.POP.DPND.YG,Saudi Arabia,SAU,73.7784969997351,58.4144484349276,39.8720905892317,39.2188504290259,38.4848055018614,37.6383463410898,36.8634618316203,36.2310446026358,36.3893675852396,36.7602694251537,36.4202375612877,..
"Age dependency ratio, young (% of working-age population)",SP.POP.DPND.YG,Senegal,SEN,92.5446026767142,83.9182014252865,80.6706312749983,80.3019263393717,79.7894734192731,79.156447168776,78.449037485753,77.6850923532174,76.8147427464341,75.8153000002367,74.8053369762769,..
"Age dependency ratio, young (% of working-age population)",SP.POP.DPND.YG,Serbia,SRB,28.0379967970402,23.8933445439,21.2981550961818,21.5448703558557,21.5728137703943,21.5003685528102,21.4503640867459,21.5052503947181,21.6959860479495,21.9478681807205,22.2074238181621,..
"Age dependency ratio, young (% of working-age population)",SP.POP.DPND.YG,Seychelles,SYC,55.7642237222758,43.9530651704136,33.4848152443038,33.4079445628344,33.4636245189831,33.5913010873641,33.6548767416935,33.6665138767725,33.6183717547494,33.5792764888084,33.6071640921722,..
"Age dependency ratio, young (% of working-age population)",SP.POP.DPND.YG,Sierra Leone,SLE,81.0990747795798,83.3091884674512,77.2001631036649,75.9790104433577,74.6920002743712,73.3778193490388,72.0817747589596,70.8687059846996,69.7157760215879,68.5400546563829,67.3335927001491,..
"Age dependency ratio, young (% of working-age population)",SP.POP.DPND.YG,Singapore,SGP,29.6284129810099,25.5791710097004,16.7490357867075,16.2233769695008,15.9547454011501,15.8968721507849,15.9510861567817,16.1483539612428,16.2688090643767,16.2330550193925,16.2089531431886,..
"Age dependency ratio, young (% of working-age population)",SP.POP.DPND.YG,Sint Maarten (Dutch part),SXM,35.2973568281938,36.7416716721342,28.7283633866946,25.6957105018747,22.9096880131363,20.3538976566236,18.376362952751,17.0212765957447,15.8736842105263,14.8907633155495,14.0166617078251,..
"Age dependency ratio, young (% of working-age population)",SP.POP.DPND.YG,Slovak Republic,SVK,39.1485397980285,28.544674635844,21.5980420708058,21.7467672182559,22.0346357537706,22.4510557213423,22.8783639157044,23.2524572952213,23.5274737263371,23.7418935200305,23.3931723488968,..
"Age dependency ratio, young (% of working-age population)",SP.POP.DPND.YG,Slovenia,SVN,30.4652000017561,22.8628333314201,21.7625653545797,22.1176384095764,22.4235609911539,22.7354181730978,23.0526263210937,23.3191816014741,23.4982612723222,23.6172835226179,23.6476276820792,..
"Age dependency ratio, young (% of working-age population)",SP.POP.DPND.YG,Solomon Islands,SLB,87.8979938714929,79.3872311044944,72.7110762440601,72.2718761011949,71.7918574083307,71.2671809585232,70.698783418444,70.09951079948,69.4670059785949,68.7653113639956,68.1063314635243,..
"Age dependency ratio, young (% of working-age population)",SP.POP.DPND.YG,Somalia,SOM,93.214244934581,93.8393889098867,96.5008104789962,96.2364230733298,96.0029081115802,95.7139156951186,95.3584244641518,94.9803748348911,94.5953398427088,94.2196416300962,93.8306902316992,..
"Age dependency ratio, young (% of working-age population)",SP.POP.DPND.YG,South Africa,ZAF,66.7858242746274,58.1504821752065,42.8554240350936,42.6524549391316,42.9369958300195,43.5255610060031,43.812442528398,44.0171597865869,44.0388647359713,43.8727003441103,43.5516249257625,..
"Age dependency ratio, young (% of working-age population)",SP.POP.DPND.YG,South Sudan,SSD,87.1161116431399,93.4544268050258,78.0063146826633,80.7210780640327,83.9012371620011,89.608380913689,92.8276712561148,91.1477593282547,87.9997476118869,85.2672906654252,82.3844623502322,..
"Age dependency ratio, young (% of working-age population)",SP.POP.DPND.YG,Spain,ESP,29.9210993995489,21.410682198938,22.8365770337157,22.8748112958125,22.8437364397418,22.7676124314592,22.5715512143806,22.2382393732824,21.8341085942527,21.3772803771711,20.9258128408375,..
"Age dependency ratio, young (% of working-age population)",SP.POP.DPND.YG,Sri Lanka,LKA,51.6330292862895,40.555397857018,37.9849218767888,37.8451261337156,37.5913167231151,37.2664735263747,36.8961224924633,36.4643718698858,35.9507403302716,35.372720174154,34.7592072716329,..
"Age dependency ratio, young (% of working-age population)",SP.POP.DPND.YG,St. Kitts and Nevis,KNA,61.0304757728568,46.6718022339718,30.9894212818917,30.167433085721,29.538506760729,29.0856202620908,28.7496689521231,28.5178624151166,28.2947805456702,28.0190504539366,27.7169861951758,..
"Age dependency ratio, young (% of working-age population)",SP.POP.DPND.YG,St. Lucia,LCA,73.9526034453749,52.0995542042443,30.0548351301221,29.033265281614,28.1086133422049,27.3421616572339,26.7011505893167,26.1254778154356,25.614391456227,25.1885404212269,24.802574746386,..
"Age dependency ratio, young (% of working-age population)",SP.POP.DPND.YG,St. Martin (French part),MAF,40.2475676226377,43.5058716798548,40.2336588069757,39.5050609023846,38.7752459865355,37.7695652173913,36.6819950477538,35.7084800866974,34.6455609084652,33.4562254993467,32.3744377811094,..
"Age dependency ratio, young (% of working-age population)",SP.POP.DPND.YG,St. Vincent and the Grenadines,VCT,66.9072164948454,51.5128950496184,35.9346082665022,35.3923346123034,34.8857223476298,34.4040981518694,33.95950888933,33.5708292447061,33.2278481012658,32.9163274923954,32.6168157423971,..
"Age dependency ratio, young (% of working-age population)",SP.POP.DPND.YG,Sudan,SDN,96.4119592047875,85.627620165882,76.5859264865535,76.0155014232249,75.5039605250602,74.88336479906,74.3955015247125,74.250403377991,74.2148804908198,74.0417729810839,73.6524495128047,..
"Age dependency ratio, young (% of working-age population)",SP.POP.DPND.YG,Suriname,SUR,61.610289221975,52.7215100812801,44.3333072292898,43.6423527156141,42.9805019781744,42.3461172462254,41.737476350547,41.1034360832944,40.4860316962028,39.97109200327,39.5481631020997,..
"Age dependency ratio, young (% of working-age population)",SP.POP.DPND.YG,Sweden,SWE,27.8626243474446,28.6530507084318,27.1152617628959,27.5155503156995,27.883141970003,28.1818736517485,28.3766685022954,28.4845185007824,28.5188396672416,28.4875369920641,28.3176845545579,..
"Age dependency ratio, young (% of working-age population)",SP.POP.DPND.YG,Switzerland,CHE,25.0177305157701,25.8192029644825,22.077148250555,22.097875163929,22.1796687808128,22.3292013195039,22.5002445293713,22.647378541888,22.7438899021489,22.8375737944726,22.9212631201806,..
"Age dependency ratio, young (% of working-age population)",SP.POP.DPND.YG,Syrian Arab Republic,SYR,91.943651311243,73.6209846987214,72.1491511210139,75.0143107467196,73.9326524676814,71.0812760849148,66.6691299262033,61.0299697058851,56.5254646396267,52.9618024762072,49.1591390670397,..
"Age dependency ratio, young (% of working-age population)",SP.POP.DPND.YG,Tajikistan,TJK,81.951123231364,78.9403520522972,60.5385359138527,60.6397386243947,60.6611782968514,60.6103110645582,60.5746535083404,60.5778643077865,60.5521317941997,60.4218872430387,60.1903369864389,..
"Age dependency ratio, young (% of working-age population)",SP.POP.DPND.YG,Tanzania,TZA,91.4579419698229,84.9924479660582,86.3063145927174,86.1027333295647,85.7592691674321,85.23466731145,84.5522301273178,83.7159645198264,82.7953903876716,81.8533787526096,80.9827954615904,..
"Age dependency ratio, young (% of working-age population)",SP.POP.DPND.YG,Thailand,THA,45.6388874398766,34.442746897205,24.6295613284951,24.2936679507358,23.9683011844894,23.6692270984741,23.4107825398229,23.1687193265749,22.9239978576544,22.6730084787968,22.4054076600597,..
"Age dependency ratio, young (% of working-age population)",SP.POP.DPND.YG,Timor-Leste,TLS,75.4642785316282,80.0577949084632,72.1587958966103,70.3973267348937,68.7087355004803,66.92484617909,65.0733025011694,63.1672135123664,61.2531033958426,59.3970526594735,57.7748796023185,..
"Age dependency ratio, young (% of working-age population)",SP.POP.DPND.YG,Togo,TGO,87.1433630537006,79.083342929981,74.8339713557839,74.4442505578646,73.9997005651832,73.4976476764288,72.942438181042,72.3675912040476,71.7486781086141,71.0404047869793,70.2229340789956,..
"Age dependency ratio, young (% of working-age population)",SP.POP.DPND.YG,Tonga,TON,72.6197451296323,67.9732115045167,64.7753981689979,64.2206969203167,63.4914105180017,62.7195216112763,61.8005145263572,60.8015672190025,59.7046788827611,58.5010918248617,57.5497948468032,..
"Age dependency ratio, young (% of working-age population)",SP.POP.DPND.YG,Trinidad and Tobago,TTO,55.764164863715,37.450558215454,28.7418399688075,28.7247606061306,28.6839520269738,28.6024196912808,28.2010842035858,27.9679316214335,27.9717877627439,27.7289327615076,27.4283134315021,..
"Age dependency ratio, young (% of working-age population)",SP.POP.DPND.YG,Tunisia,TUN,66.2879370889807,46.8019731157332,34.9462962972402,35.5205857484937,36.091795974465,36.6300437132382,37.0693740795066,37.373611865152,37.5350318502853,37.5941168690966,37.5573865295255,..
"Age dependency ratio, young (% of working-age population)",SP.POP.DPND.YG,Turkiye,TUR,60.0096946644441,49.0074044261028,36.6235446463137,36.0281048138129,35.5365958551234,35.2179071768778,35.1665736638083,35.0746623124069,34.8145049308624,34.4588472475447,34.0996196309709,..
"Age dependency ratio, young (% of working-age population)",SP.POP.DPND.YG,Turkmenistan,TKM,72.3238807053957,63.4505421226623,45.9273393735417,46.4036770682914,46.9465101611498,47.5231579178331,48.0539221793539,48.4806266671482,48.7618090361888,48.8760969988024,48.8285351156435,..
"Age dependency ratio, young (% of working-age population)",SP.POP.DPND.YG,Turks and Caicos Islands,TCA,46.1477987421384,40.5576382380506,26.8390601015468,25.7333633430865,24.7651366315413,24.0778162139946,23.5470183863435,23.1497909010265,22.9646768471387,22.9071283466238,22.8721331134762,..
"Age dependency ratio, young (% of working-age population)",SP.POP.DPND.YG,Tuvalu,TUV,63.5249764373233,62.6975574712644,50.6577024261912,50.2850460458997,50.0146241591109,49.9560246262093,50.1098579170939,50.3424158531255,50.6442739250036,50.8976016085021,51.2216030861552,..
"Age dependency ratio, young (% of working-age population)",SP.POP.DPND.YG,Uganda,UGA,98.9526858658158,106.740665647479,98.7383691549161,97.1103424942113,95.0098262728058,92.6797525827286,90.5898916384614,88.5853782972489,86.7180116689144,85.0566851074554,83.6651321021388,..
"Age dependency ratio, young (% of working-age population)",SP.POP.DPND.YG,Ukraine,UKR,32.2530454429399,25.6188910571179,21.4960886845244,21.9534932116175,22.3367025647036,22.6356656315368,22.7560762214938,22.7565980413201,22.712825383164,22.5939766356375,23.4559517956932,..
"Age dependency ratio, young (% of working-age population)",SP.POP.DPND.YG,United Arab Emirates,ARE,42.837220219047,28.8254220746877,16.8394291459339,16.8429200011134,16.8883904568197,17.0180329864773,17.2453494036045,17.552805276681,17.9137619129811,18.222980352852,18.3655225399368,..
"Age dependency ratio, young (% of working-age population)",SP.POP.DPND.YG,United Kingdom,GBR,29.1606469602284,29.2193709954495,27.2947875112187,27.4832386862099,27.7153916946232,27.9398677390082,28.0829387639688,28.1060293047108,28.0179430996478,27.8468312706049,27.5659491438152,..
"Age dependency ratio, young (% of working-age population)",SP.POP.DPND.YG,United States,USA,32.5831522571192,32.3368325494318,29.2340318231241,29.0728954241627,28.9844224693976,28.9261753179318,28.7877197036095,28.6165299644427,28.3632553873253,28.0325383233779,27.6671742353848,..
"Age dependency ratio, young (% of working-age population)",SP.POP.DPND.YG,Uruguay,URY,40.8706114358115,38.9517872858783,33.2985431895991,32.9720694612941,32.6804438395341,32.2881940374587,31.7789892932185,31.1917691619631,30.5200296545799,29.8544959135395,29.2369290027448,..
"Age dependency ratio, young (% of working-age population)",SP.POP.DPND.YG,Uzbekistan,UZB,71.5915068188184,63.0009715244298,42.2306055858039,42.480118511875,42.8574351650365,43.280439337232,43.8870182304125,44.6862054455215,45.5462200873283,46.3006379809337,46.7290602006486,..
"Age dependency ratio, young (% of working-age population)",SP.POP.DPND.YG,Vanuatu,VUT,86.5409338681477,81.702019161935,69.4225978531648,69.9446257608369,70.2984272919191,70.4874031598853,70.5760740692195,70.5408361550366,70.3308303962132,69.9165500727214,69.269434652746,..
"Age dependency ratio, young (% of working-age population)",SP.POP.DPND.YG,"Venezuela, RB",VEN,65.4970908113657,55.3912640903546,44.3145960367311,43.7385332920528,43.3176981623985,43.374457739573,44.1023376889004,44.8528871721572,44.8419558505693,44.3695454797297,43.2081177926605,..
"Age dependency ratio, young (% of working-age population)",SP.POP.DPND.YG,Viet Nam,VNM,68.3897762647969,50.257239608768,33.7341885159381,33.6690968143204,33.5603363086441,33.4101649618365,33.2507085047093,33.0965093049982,32.9461577532553,32.815993761735,32.6897164251611,..
"Age dependency ratio, young (% of working-age population)",SP.POP.DPND.YG,Virgin Islands (U.S.),VIR,47.4568348035889,40.4029572774987,30.7070707070707,30.7993718906385,30.9441958332099,31.1126404452357,31.2674652206093,31.364475149075,31.5335571503373,31.675425230884,31.7528622807155,..
"Age dependency ratio, young (% of working-age population)",SP.POP.DPND.YG,West Bank and Gaza,PSE,101.69291473809,95.1971134169947,73.01439080849,72.2138885813489,71.4563733463941,70.8702033620313,70.4446711786342,69.9138119324276,69.1472268919821,68.2097386445145,67.1940092018626,..
"Age dependency ratio, young (% of working-age population)",SP.POP.DPND.YG,"Yemen, Rep.",YEM,110.439472447171,102.860079882486,76.169466061709,75.1256193950117,74.1785063217241,73.2627563420874,72.3331252911655,71.3593306857441,70.3923689425188,69.4166106207167,68.2864450521541,..
"Age dependency ratio, young (% of working-age population)",SP.POP.DPND.YG,Zambia,ZMB,100.260786284034,98.1004555022857,87.1621478600878,86.1320295073464,85.0466316288757,83.9060387836077,82.6912511269863,81.3833529334219,80.0156804737164,78.6606905511474,77.3640537968228,..
"Age dependency ratio, young (% of working-age population)",SP.POP.DPND.YG,Zimbabwe,ZWE,98.2263446722282,76.4818793670722,80.2468474987454,79.3501747087523,78.2806193624591,77.1813989929809,76.1253649500353,75.1450348959424,74.1983520633034,73.3599563986829,72.5035657645496,..
"Age dependency ratio, young (% of working-age population)",SP.POP.DPND.YG,Africa Eastern and Southern,AFE,88.4030913141366,85.7689305616506,78.8749128936141,78.311969297195,77.798386435878,77.2970242733049,76.69067933267,76.0285640028113,75.3108615538635,74.5651489725931,73.7999900263171,..
"Age dependency ratio, young (% of working-age population)",SP.POP.DPND.YG,Africa Western and Central,AFW,88.6565484048136,84.0436144883948,83.6907849126245,83.3977473575036,82.9972382870969,82.4827191631819,81.8962598866551,81.2607072183158,80.5436398162813,79.7733613310108,78.9593997671528,..
"Age dependency ratio, young (% of working-age population)",SP.POP.DPND.YG,Arab World,ARB,80.5276998496181,66.590692124335,54.5242105024372,54.578495803555,54.4804170057226,54.2760596571625,54.014147844825,53.7094512688488,53.5179454804792,53.2729461012719,52.7456677357068,..
"Age dependency ratio, young (% of working-age population)",SP.POP.DPND.YG,Caribbean small states,CSS,60.403342802241,50.3836773267261,35.4033082511939,34.7457373829524,34.179753980137,33.6182655974477,32.9047691696005,32.2804156104549,31.7820011524134,31.2089871413998,30.7008752410735,..
"Age dependency ratio, young (% of working-age population)",SP.POP.DPND.YG,Central Europe and the Baltics,CEB,34.9855179287439,26.6688949448332,21.9571934827561,22.1252628958436,22.3529363001933,22.6602275625334,22.9858055622306,23.273481209892,23.50079294926,23.652126574259,23.3690865938873,..
"Age dependency ratio, young (% of working-age population)",SP.POP.DPND.YG,Early-demographic dividend,EAR,69.4889557733832,60.2368685402432,47.661924773609,46.97766992101,46.2788214270647,45.5721789309876,44.8857042158121,44.2130957041204,43.5446130445669,42.9022488977796,42.259349611852,..
"Age dependency ratio, young (% of working-age population)",SP.POP.DPND.YG,East Asia & Pacific,EAS,46.0717429061672,38.0750514004176,28.964369314955,28.9516389218677,28.9458741135958,29.0309256567221,29.0508187882327,28.9442652491398,28.7274072200871,28.3704126470187,27.9350416326325,..
"Age dependency ratio, young (% of working-age population)",SP.POP.DPND.YG,East Asia & Pacific (excluding high income),EAP,48.3785697188394,39.7760063210369,29.845423464683,29.8444999942887,29.851938088945,29.9571962059003,29.9924872210335,29.8898750464904,29.6611905121684,29.2741156273189,28.8077288570088,..
"Age dependency ratio, young (% of working-age population)",SP.POP.DPND.YG,East Asia & Pacific (IDA & IBRD countries),TEA,48.5165018759791,39.8048451343086,29.8566238040366,29.8609038423008,29.8735114044637,29.98513395818,30.0244423761242,29.9227530683591,29.6922674984115,29.300550278609,28.8276638373069,..
"Age dependency ratio, young (% of working-age population)",SP.POP.DPND.YG,Euro area,EMU,27.2936031445557,24.3481453430619,23.3758819057015,23.3643892001328,23.352461622981,23.3614895493936,23.3466549387801,23.2992602116682,23.2238574790768,23.1278736035543,23.0031506826682,..
"Age dependency ratio, young (% of working-age population)",SP.POP.DPND.YG,Europe & Central Asia,ECS,34.4906026957724,29.748976796464,26.3999426958075,26.636522891052,26.8762037501244,27.1100287116257,27.3040661303918,27.4471213376143,27.5339711175192,27.5772762042873,27.5840402122137,..
"Age dependency ratio, young (% of working-age population)",SP.POP.DPND.YG,Europe & Central Asia (excluding high income),ECA,42.1734944327292,35.3966531056265,29.7358650709181,30.202378808167,30.6545579683287,31.0565154461539,31.402005357714,31.6865337153077,31.9059549160598,32.062320166384,32.3708622721748,..
"Age dependency ratio, young (% of working-age population)",SP.POP.DPND.YG,Europe & Central Asia (IDA & IBRD countries),TEC,41.3104664950313,34.2253103912784,28.6642160826729,29.0904335514683,29.5173731761382,29.9180173169994,30.2754410913207,30.5731063480399,30.8041709199924,30.9754726108717,31.187945700029,..
"Age dependency ratio, young (% of working-age population)",SP.POP.DPND.YG,European Union,EUU,28.9858391587484,24.9489348181689,23.2066820009625,23.2398685620875,23.2838191348851,23.3589004336203,23.4171416633135,23.4395311315887,23.4261608718133,23.3792504869125,23.2144897028963,..
"Age dependency ratio, young (% of working-age population)",SP.POP.DPND.YG,Fragile and conflict affected situations,FCS,78.0357155204027,75.8004225799221,73.3878304963109,73.254366138188,73.0291169127298,72.7342761774702,72.396830496765,71.9802552862748,71.4690028590427,70.9203269636401,70.6867695979641,..
"Age dependency ratio, young (% of working-age population)",SP.POP.DPND.YG,Heavily indebted poor countries (HIPC),HPC,90.6713312294861,89.2302282181352,83.0217685848359,82.3576536311572,81.6564906199631,80.8707948300248,80.094700292665,79.3312003889107,78.5317377486868,77.723535833508,76.9295512203865,..
"Age dependency ratio, young (% of working-age population)",SP.POP.DPND.YG,High income,HIC,31.4250892674125,28.4563636610943,25.4446789244456,25.3853972593667,25.3470662885871,25.3305672094532,25.2802076159621,25.2062639386888,25.1271379624787,25.0049988343568,24.7861510529422,..
"Age dependency ratio, young (% of working-age population)",SP.POP.DPND.YG,IBRD only,IBD,54.4897997058516,46.1093394597291,35.9300999201596,35.7090655304813,35.4815329010452,35.2884800405563,35.062638540154,34.7627247079432,34.3896835228525,33.9511152975331,33.4950449987376,..
"Age dependency ratio, young (% of working-age population)",SP.POP.DPND.YG,IDA & IBRD total,IBT,59.8077413826423,52.4011225716742,43.6382205032544,43.4466582358367,43.2404203374715,43.0496718468962,42.8273863832141,42.5452683754896,42.20385287777,41.810927847234,41.410675551819,..
"Age dependency ratio, young (% of working-age population)",SP.POP.DPND.YG,IDA blend,IDB,85.1855503640048,79.7372369878876,72.4095608392085,72.1110191840419,71.7774196701522,71.3067317174201,70.724875296548,70.1182156689342,69.4433902329687,68.7017867828938,67.863659265365,..
"Age dependency ratio, young (% of working-age population)",SP.POP.DPND.YG,IDA only,IDX,84.4732176942829,78.903800069928,70.9911695842708,70.4182904223169,69.7445426945182,69.0024396804031,68.2414250989213,67.4671065537162,66.6816239858278,65.9129756060821,65.1841023619156,..
"Age dependency ratio, young (% of working-age population)",SP.POP.DPND.YG,IDA total,IDA,84.7068136649786,79.180572165321,71.4637663071449,70.9809781021174,70.4178929823646,69.7632165852061,69.0593090406783,68.3380100781786,67.587026721664,66.8259578563551,66.0610060375188,..
"Age dependency ratio, young (% of working-age population)",SP.POP.DPND.YG,Late-demographic dividend,LTE,45.8757011552969,37.2955248582766,27.3539235514128,27.4134788611761,27.4798191215337,27.6261861992289,27.7028590687891,27.6504953053864,27.4808158722228,27.1658411230255,26.7563190197804,..
"Age dependency ratio, young (% of working-age population)",SP.POP.DPND.YG,Latin America & Caribbean,LCN,61.6051466191829,51.7215508797497,39.1285006211321,38.4328566860129,37.77164630616,37.1477998442165,36.569385507554,36.0078241918266,35.4507548580269,34.9142115429852,34.3829386741042,..
"Age dependency ratio, young (% of working-age population)",SP.POP.DPND.YG,Latin America & Caribbean (excluding high income),LAC,62.3917912554419,52.1769940975986,39.3021162593414,38.5782794278332,37.8873676584365,37.2236101313401,36.590077435605,35.9794909572551,35.3983484938836,34.8511139723951,34.3272651507305,..
"Age dependency ratio, young (% of working-age population)",SP.POP.DPND.YG,Latin America & the Caribbean (IDA & IBRD countries),TLA,62.6505218515929,52.3774591411535,39.5098213882386,38.801570911985,38.1286620320731,37.4938639468093,36.9030931947658,36.3297806003534,35.7611770378087,35.2106761829469,34.6654620479576,..
"Age dependency ratio, young (% of working-age population)",SP.POP.DPND.YG,Least developed countries: UN classification,LDC,85.5231122452893,80.8301255576277,72.9025413533817,72.2366949809522,71.5447681024996,70.8130138325312,70.0950537293122,69.388412045232,68.6571694887481,67.9365011566614,67.2655979465868,..
"Age dependency ratio, young (% of working-age population)",SP.POP.DPND.YG,Low & middle income,LMY,60.0567644809106,52.6798123077089,43.8380951865523,43.6401504866052,43.4259608205138,43.2247253223296,42.9900727908341,42.6965059886513,42.3469423403576,41.9476181872889,41.5494790180188,..
"Age dependency ratio, young (% of working-age population)",SP.POP.DPND.YG,Low income,LIC,86.9783179073192,87.7953355017369,81.9995218155496,81.5757430054482,80.9581526824996,80.2182505920159,79.4157052176921,78.53197976388,77.6444953844277,76.7992645843969,75.9357859178145,..
"Age dependency ratio, young (% of working-age population)",SP.POP.DPND.YG,Lower middle income,LMC,70.9284681092884,62.1157949946339,50.8339607240245,50.2751654489968,49.6881799038194,49.0657550151244,48.4478787028353,47.8382439970164,47.2145434398528,46.6152851063216,46.1025754998223,..
"Age dependency ratio, young (% of working-age population)",SP.POP.DPND.YG,Middle East & North Africa,MEA,78.5710928598059,60.9625781047167,46.9542453663886,47.2441898706816,47.3357082485173,47.2956377746914,47.1818170077797,46.9636522123496,46.7826779985266,46.5282679455518,46.025791812444,..
"Age dependency ratio, young (% of working-age population)",SP.POP.DPND.YG,Middle East & North Africa (excluding high income),MNA,80.265142384994,62.3520797513141,49.4097129918274,49.8434248694867,50.0503857446307,50.0883138063833,50.0159314630595,49.7677290879784,49.4089421153492,48.9609466880513,48.3758084621085,..
"Age dependency ratio, young (% of working-age population)",SP.POP.DPND.YG,Middle East & North Africa (IDA & IBRD countries),TMN,80.095767573688,62.0631297116375,49.1740764231947,49.6175934099219,49.8319472855774,49.8746496751227,49.8035490429434,49.5561053562259,49.1991277754009,48.7536629122438,48.1706409021494,..
"Age dependency ratio, young (% of working-age population)",SP.POP.DPND.YG,Middle income,MIC,58.3614821775831,50.2952653623598,40.6786097259724,40.4487361971033,40.2088238687083,39.988004020575,39.7334950844806,39.4181769520277,39.0421443634313,38.6110473401713,38.1784394815152,..
"Age dependency ratio, young (% of working-age population)",SP.POP.DPND.YG,North America,NAC,32.3609879189116,31.9054193378488,28.6798631652101,28.5503180411544,28.4820302173094,28.4320568049512,28.3020625984297,28.1402299309012,27.9085055044683,27.6043350816942,27.2616238563795,..
"Age dependency ratio, young (% of working-age population)",SP.POP.DPND.YG,Not classified,INX,..,..,..,..,..,..,..,..,..,..,..,..
"Age dependency ratio, young (% of working-age population)",SP.POP.DPND.YG,OECD members,OED,34.8414207168135,31.6581715435829,27.997407850018,27.8447229200683,27.7134477967094,27.6052315379041,27.4702738629854,27.305078578679,27.1091792729343,26.8796886205035,26.5884477191257,..
"Age dependency ratio, young (% of working-age population)",SP.POP.DPND.YG,Other small states,OSS,67.6504862496326,61.4453690436069,48.773265394062,48.1835660209395,47.6618979838822,47.2682907247474,46.9742830941303,46.7926444023606,46.779308386843,46.6941803700203,46.3486618777256,..
"Age dependency ratio, young (% of working-age population)",SP.POP.DPND.YG,Pacific island small states,PSS,75.1640480120642,67.0680634503913,58.6891328254599,58.5451289227553,58.3821014502511,58.1962367058993,57.9652605785865,57.6880440913455,57.3373715143693,56.8811739908208,56.4042948513589,..
"Age dependency ratio, young (% of working-age population)",SP.POP.DPND.YG,Post-demographic dividend,PST,29.641398682269,27.11174888981,24.8421887776126,24.8197414514022,24.8108621724274,24.8130092551769,24.7627102127698,24.6711293400295,24.5459898272692,24.3710403800158,24.1962710064116,..
"Age dependency ratio, young (% of working-age population)",SP.POP.DPND.YG,Pre-demographic dividend,PRE,90.284899368786,87.6933617811666,85.0325289520279,84.6137678683388,84.1161846553286,83.5154245799092,82.8389062961381,82.0838365999597,81.2560705918346,80.4077927699192,79.5409562659998,..
"Age dependency ratio, young (% of working-age population)",SP.POP.DPND.YG,Small states,SST,66.3940514239652,59.2640762913576,46.690799406656,46.1439105218443,45.66468368736,45.2767429609565,44.9143408925753,44.6570966870821,44.5522712623315,44.36624930496,44.01104549108,..
"Age dependency ratio, young (% of working-age population)",SP.POP.DPND.YG,South Asia,SAS,68.6087683389588,61.1549028663309,48.0032238699903,47.0560900152792,46.1022824130977,45.1312532633601,44.1940295965812,43.3019177992612,42.4274389881419,41.6262525440584,40.8975699415047,..
"Age dependency ratio, young (% of working-age population)",SP.POP.DPND.YG,South Asia (IDA & IBRD),TSA,68.6087683389588,61.1549028663309,48.0032238699903,47.0560900152792,46.1022824130977,45.1312532633601,44.1940295965812,43.3019177992612,42.4274389881419,41.6262525440584,40.8975699415047,..
"Age dependency ratio, young (% of working-age population)",SP.POP.DPND.YG,Sub-Saharan Africa,SSF,88.5042472897522,85.0730068048544,80.7971189458633,80.3396333245584,79.8705397327324,79.3649955512145,78.7665101518077,78.114327349799,77.3962448310439,76.6405033626965,75.8559869718573,..
"Age dependency ratio, young (% of working-age population)",SP.POP.DPND.YG,Sub-Saharan Africa (excluding high income),SSA,88.5093577160879,85.079170638935,80.8028507060773,80.3452744114666,79.876021343224,79.370300879559,78.7716244872786,78.1192518148628,77.4009811479897,76.6450501557131,75.8612015100405,..
"Age dependency ratio, young (% of working-age population)",SP.POP.DPND.YG,Sub-Saharan Africa (IDA & IBRD countries),TSS,88.5042472897522,85.0730068048544,80.7971189458633,80.3396333245584,79.8705397327324,79.3649955512145,78.7665101518077,78.114327349799,77.3962448310439,76.6405033626965,75.8559869718573,..
"Age dependency ratio, young (% of working-age population)",SP.POP.DPND.YG,Upper middle income,UMC,48.6846172163342,40.3157935075451,30.7976832847466,30.7647617533375,30.7420712888223,30.7936098010062,30.7824652475337,30.6529981938338,30.4161146640425,30.049478320644,29.6109944053858,..
"Age dependency ratio, young (% of working-age population)",SP.POP.DPND.YG,World,WLD,53.9833274269004,48.0504792356939,40.7536091731724,40.6034497970033,40.4431093051134,40.299466586517,40.1225022186725,39.8931641555426,39.6132300129699,39.2913031686598,38.9396693534774,..
,,,,,,,,,,,,,,,
,,,,,,,,,,,,,,,
,,,,,,,,,,,,,,,
Data from database: World Development Indicators,,,,,,,,,,,,,,,
Last Updated: 05/30/2024,,,,,,,,,,,,,,,
