Series Name,Series Code,Country Name,Country Code,1990 [YR1990],2000 [YR2000],2013 [YR2013],2014 [YR2014],2015 [YR2015],2016 [YR2016],2017 [YR2017],2018 [YR2018],2019 [YR2019],2020 [YR2020],2021 [YR2021],2022 [YR2022]
"Age dependency ratio, old",SP.POP.DPND.OL,Africa Eastern and Southern,AFE,5.63253104272149,5.46284227621415,5.47361175756582,5.50991761850398,5.54414747774553,5.58459980363562,5.63177710618492,5.67701712388147,5.71842422318594,5.73311054063037,5.70619942558857,5.66235268493612
"Age dependency ratio, old",SP.POP.DPND.OL,Africa Western and Central,AFW,6.24127149621416,5.85597363363416,5.57374386723284,5.51992116730695,5.47653435510672,5.45287144428005,5.43269882188918,5.41843841270947,5.41072397825298,5.38630996805807,5.33700290542415,5.29982718151313
"Age dependency ratio, old",SP.POP.DPND.OL,Arab World,ARB,6.21773874825515,6.27995575239571,6.03990626550959,6.15106787123626,6.26831619212666,6.39060642863966,6.52419869518265,6.67103562856093,6.82660882514592,6.99140851692453,7.14443368453384,7.27801082080313
"Age dependency ratio, old",SP.POP.DPND.OL,Caribbean small states,CSS,10.1788035385631,9.11479302845442,9.79748203212278,9.96872324015086,10.1736138483477,10.4366555980686,10.7146915370276,10.9685165119656,11.2916544510961,11.6870137653663,12.0172234145172,12.3607072835352
"Age dependency ratio, old",SP.POP.DPND.OL,Central Europe and the Baltics,CEB,17.0822103596391,19.7217506820497,23.4299256962288,24.2014483288317,25.0178731410971,25.8742735761673,26.7566239577768,27.6532057102598,28.5838599501776,29.4678238952773,30.1503278273799,29.7803934152905
"Age dependency ratio, old",SP.POP.DPND.OL,Early-demographic dividend,EAR,6.93724743493119,7.3546839391096,8.06055944136288,8.19220587124453,8.35684470778929,8.53661115270377,8.73212536740111,8.94935407977673,9.17915771119405,9.38043317891266,9.51276149318205,9.6291517246596
"Age dependency ratio, old",SP.POP.DPND.OL,East Asia & Pacific,EAS,8.61219735126873,10.6772159083357,13.5505117314623,14.0019283421554,14.5222706617504,15.0799808451352,15.7062311887782,16.382708604349,17.0661846371373,17.7743167168098,18.418377622595,19.0787289216922
"Age dependency ratio, old",SP.POP.DPND.OL,East Asia & Pacific (excluding high income),EAP,7.76368545842094,9.47452236748286,11.7991980511354,12.1858715765114,12.6597295616225,13.1893134478811,13.7962217789676,14.4602806478525,15.1346808224358,15.8375233567181,16.4797267907283,17.1441135474325
"Age dependency ratio, old",SP.POP.DPND.OL,East Asia & Pacific (IDA & IBRD countries),TEA,7.78339591235355,9.47608157844637,11.7618128596743,12.1503489383585,12.6263346861632,13.1611805033233,13.7772751962667,14.4495005679333,15.1297432995206,15.8368711552555,16.4819751825857,17.147331146245
"Age dependency ratio, old",SP.POP.DPND.OL,Euro area,EMU,20.9409485752641,24.2820057701412,29.2074891727187,29.8684279949828,30.4693088105233,31.0114381190118,31.5410896966559,32.0578817470648,32.5894642130326,33.1104987214269,33.6149704675506,34.1979293602973
"Age dependency ratio, old",SP.POP.DPND.OL,Europe & Central Asia,ECS,17.6119977666945,19.9296900807346,22.2818516713224,22.785656704834,23.2981069681265,23.7775930458472,24.2552093697404,24.7526578657384,25.282890268325,25.784089741399,26.1969198804449,26.6259108970751
"Age dependency ratio, old",SP.POP.DPND.OL,Europe & Central Asia (excluding high income),ECA,13.2531006229747,15.3057758236557,15.3826104803146,15.7001291085405,16.0913437421783,16.4614065922451,16.8408278803876,17.2693856956305,17.7584375771057,18.2041806004845,18.5267692322734,18.8901112713536
"Age dependency ratio, old",SP.POP.DPND.OL,Europe & Central Asia (IDA & IBRD countries),TEC,13.658587423531,15.8383697987058,16.3125515541439,16.6837893945676,17.1278633078748,17.5605433092567,18.0062873401207,18.4969046321368,19.0413488292399,19.5407180341008,19.9023607957475,20.152351418081
"Age dependency ratio, old",SP.POP.DPND.OL,European Union,EUU,20.2991213936131,23.3154695558015,27.9845504439012,28.676807124768,29.3292437069324,29.9420009962395,30.5460939760279,31.1416794055498,31.751701573419,32.3407295601357,32.8771316993499,33.2509846555588
"Age dependency ratio, old",SP.POP.DPND.OL,Fragile and conflict affected situations,FCS,7.72139193603863,7.38817457148646,6.99906030042913,7.01170654805354,7.04027897724657,7.07232735657033,7.10785529563454,7.14553066592291,7.18310511836233,7.19242141669896,7.16437265195225,7.0967005632426
"Age dependency ratio, old",SP.POP.DPND.OL,Heavily indebted poor countries (HIPC),HPC,5.82326030252024,5.57742314917285,5.3383339187667,5.32364155516105,5.31759611703426,5.32075480211885,5.32752701065275,5.3422776735825,5.36366345449596,5.3654948257398,5.33800226060045,5.30840512718406
"Age dependency ratio, old",SP.POP.DPND.OL,High income,HIC,18.1725759181015,20.4423633555636,24.4306693608924,25.0505596488222,25.5996703136276,26.1748606460895,26.7677231359566,27.3175749641143,27.9079496481312,28.5425649755135,29.1788056001682,29.7251399473378
"Age dependency ratio, old",SP.POP.DPND.OL,IBRD only,IBD,..,..,..,..,..,..,..,..,..,..,..,..
"Age dependency ratio, old",SP.POP.DPND.OL,IDA & IBRD total,IBT,7.95642641936231,8.8448138008411,9.8802710748161,10.0961274580218,10.3629732018153,10.6549706541648,10.9791696649112,11.3280638901926,11.6827468161613,12.0216073876884,12.291544854651,12.5407897030598
"Age dependency ratio, old",SP.POP.DPND.OL,IDA blend,IDB,..,..,..,..,..,..,..,..,..,..,..,..
"Age dependency ratio, old",SP.POP.DPND.OL,IDA only,IDX,..,..,..,..,..,..,..,..,..,..,..,..
"Age dependency ratio, old",SP.POP.DPND.OL,IDA total,IDA,..,..,..,..,..,..,..,..,..,..,..,..
"Age dependency ratio, old",SP.POP.DPND.OL,Late-demographic dividend,LTE,8.91243725227667,10.7195771661419,12.9563915204393,13.4012608156681,13.9408980607302,14.5321341210393,15.1965222511284,15.911681792942,16.6419650884731,17.4061909816774,18.1073585883849,18.7844300746323
"Age dependency ratio, old",SP.POP.DPND.OL,Latin America & Caribbean,LCN,8.03591968415484,9.086547823653,11.0749221188011,11.312162478242,11.5723742684606,11.8423743487009,12.130147318933,12.4436027565021,12.767717020359,13.0617000861342,13.3169289341185,13.6034421372543
"Age dependency ratio, old",SP.POP.DPND.OL,Latin America & Caribbean (excluding high income),LAC,7.89803420727011,8.90248316167285,10.8617067815281,11.0934065273623,11.3479462377052,11.6097223345128,11.8840244754756,12.1773737799597,12.4738278508774,12.7399554931463,12.9722598511264,13.2459915673351
"Age dependency ratio, old",SP.POP.DPND.OL,Latin America & the Caribbean (IDA & IBRD countries),TLA,7.83734824809939,8.88876712389624,10.8115671506928,11.0451423268214,11.3022839129682,11.5692853722882,11.8544520714247,12.167578153503,12.4883406723044,12.7761003842718,13.0317437648297,13.3200165367775
"Age dependency ratio, old",SP.POP.DPND.OL,Least developed countries: UN classification,LDC,6.09396553981178,5.90311312533911,5.98403277064029,5.99079617735378,6.01360028543886,6.05051597088134,6.09779477835983,6.15958366232562,6.23127577599869,6.28459945231765,6.31425763004407,6.34981444054401
"Age dependency ratio, old",SP.POP.DPND.OL,Low & middle income,LMY,7.81735569400309,8.70414175730836,9.76237281333316,9.97463217129713,10.2380848848451,10.5254975291878,10.8437175363178,11.1865212320906,11.5355011473412,11.8702202811712,12.1377222895062,12.3966864149961
"Age dependency ratio, old",SP.POP.DPND.OL,Low income,LIC,5.73205486211354,5.71971597697591,5.78177786932199,5.79372714068041,5.80748278026258,5.80843787876881,5.798397206062,5.79891109572952,5.80817927986402,5.80700719282421,5.78263474349584,5.76075233311022
"Age dependency ratio, old",SP.POP.DPND.OL,Lower middle income,LMC,7.2514715847737,7.44217917847637,7.8038587697819,7.92381306035061,8.08881900355664,8.26904665741787,8.46425072652347,8.67438752269917,8.89547880722837,9.09546344691707,9.22621419760231,9.3317337860873
"Age dependency ratio, old",SP.POP.DPND.OL,Middle East & North Africa,MEA,6.51179256476879,6.68888264594958,6.67889005254086,6.83339690909571,7.00090142237164,7.17670121709857,7.3698043929495,7.57613705852665,7.78991510235445,8.01692032020716,8.22504240976462,8.40793515950534
"Age dependency ratio, old",SP.POP.DPND.OL,Middle East & North Africa (excluding high income),MNA,6.53511311708744,6.80533125295877,7.10407516870145,7.27124080291706,7.45315183808004,7.65202004080097,7.87217007016652,8.10216167476855,8.33173628294642,8.54366265908928,8.72071743152052,8.88516785887814
"Age dependency ratio, old",SP.POP.DPND.OL,Middle East & North Africa (IDA & IBRD countries),TMN,6.553494640159,6.82597994657822,7.1214339940329,7.28968769947416,7.47271055320909,7.67291031898648,7.89448378820545,8.12602261832327,8.35708153412781,8.57057371659892,8.74923395350257,8.91529100742613
"Age dependency ratio, old",SP.POP.DPND.OL,Middle income,MIC,7.94866957256809,8.90680151375827,10.0873440256921,10.320780358699,10.6108189303365,10.9298284822277,11.2851541301019,11.668192239336,12.0594525173721,12.4378996985808,12.7461354357689,13.0472359554529
"Age dependency ratio, old",SP.POP.DPND.OL,North America,NAC,18.3540863229977,18.558146825727,21.0036682597565,21.4438137350724,21.7946581521636,22.3996414513934,23.0915261937378,23.6738860759368,24.360423893166,25.107622278238,25.8946552027403,26.6739824063996
"Age dependency ratio, old",SP.POP.DPND.OL,Not classified,INX,..,..,..,..,..,..,..,..,..,..,..,..
"Age dependency ratio, old",SP.POP.DPND.OL,OECD members,OED,17.2825927309916,19.2254648056302,23.08693453556,23.6545133658846,24.1573087442231,24.6820655478406,25.2117915008243,25.7147452796427,26.2478942757005,26.7694577760174,27.2733305508157,27.763093237474
"Age dependency ratio, old",SP.POP.DPND.OL,Other small states,OSS,8.96249784396549,8.79726703071104,8.23795599552001,8.26631649649616,8.2899674322576,8.31911998501841,8.37419033022233,8.45657208007106,8.57263743930383,8.72389220264023,8.8462800101613,8.95491709251159
"Age dependency ratio, old",SP.POP.DPND.OL,Pacific island small states,PSS,5.82299117605103,6.00003740777708,6.84159176359902,6.94312556336976,7.0253283078484,7.09842047856941,7.20288259113625,7.33726555961129,7.48958874738009,7.64479861371782,7.78013806073331,7.91648402008448
"Age dependency ratio, old",SP.POP.DPND.OL,Post-demographic dividend,PST,18.9161244360173,21.4559808502414,26.1456611427691,26.8236368653894,27.4211668683156,28.0436545773895,28.6835772388778,29.2707929025863,29.8951961216909,30.5211873125472,31.1453663378764,31.8831228881574
"Age dependency ratio, old",SP.POP.DPND.OL,Pre-demographic dividend,PRE,5.8769217338926,5.50136085644067,5.28105955917522,5.26595340784985,5.25558030141818,5.25419954602993,5.25797074626753,5.26883474292423,5.28149375345772,5.27114099641488,5.23266614975872,5.19524852767337
"Age dependency ratio, old",SP.POP.DPND.OL,Small states,SST,9.04722378779022,8.68663562925087,8.46967972329304,8.52793014583476,8.58674003104771,8.65931846013403,8.75557332738911,8.87192704755625,9.02663768504659,9.22072909786101,9.38088376747372,9.52918909763607
"Age dependency ratio, old",SP.POP.DPND.OL,South Asia,SAS,6.96219961450133,7.24942316530724,7.94538675718533,8.09176253136778,8.28999846970279,8.50628397805856,8.73612788396617,8.98044140298186,9.23412406831692,9.45894355378883,9.5978552104449,9.701014369597
"Age dependency ratio, old",SP.POP.DPND.OL,South Asia (IDA & IBRD),TSA,6.96219961450133,7.24942316530724,7.94538675718533,8.09176253136778,8.28999846970279,8.50628397805856,8.73612788396617,8.98044140298186,9.23412406831692,9.45894355378883,9.5978552104449,9.701014369597
"Age dependency ratio, old",SP.POP.DPND.OL,Sub-Saharan Africa,SSF,5.8754823616421,5.62141580103726,5.51361419367053,5.51391043267702,5.51719060016914,5.53209564272866,5.55238790517682,5.57390361862358,5.59576131693397,5.59490248397469,5.55908299365281,5.51788822772917
"Age dependency ratio, old",SP.POP.DPND.OL,Sub-Saharan Africa (excluding high income),SSA,5.87455708538507,5.62078343808142,5.51311567082161,5.51340575902388,5.51667420264111,5.53157104098998,5.55185441990585,5.57335788234902,5.59519769448446,5.59431225711274,5.55846187809438,5.5171058970072
"Age dependency ratio, old",SP.POP.DPND.OL,Sub-Saharan Africa (IDA & IBRD countries),TSS,5.8754823616421,5.62141580103726,5.51361419367053,5.51391043267702,5.51719060016914,5.53209564272866,5.55238790517682,5.57390361862358,5.59576131693397,5.59490248397469,5.55908299365281,5.51788822772917
"Age dependency ratio, old",SP.POP.DPND.OL,Upper middle income,UMC,8.48552787859352,10.1433076456808,12.2810717392311,12.6529752342428,13.0962571512863,13.5870726147651,14.1423043166841,14.7432961730401,15.3531074262296,15.9658667135973,16.5111471088739,17.064375577077
"Age dependency ratio, old",SP.POP.DPND.OL,World,WLD,10.0170427803805,10.948829738329,12.245733357578,12.5031823910693,12.7924704709514,13.1056426130205,13.4463120190282,13.8024194555882,14.168638024619,14.5281890130247,14.8214764335083,15.1043011656301
"Age dependency ratio, old",SP.POP.DPND.OL,Afghanistan,AFG,4.46823075602694,4.76031425052708,4.73748747700863,4.69079678722919,4.6442456380075,4.60635088670088,4.57268660954771,4.55160703424134,4.53690097986338,4.4945527274917,4.43787182461417,4.39530015497943
"Age dependency ratio, old",SP.POP.DPND.OL,Albania,ALB,9.3000260880672,12.4883578855749,18.6073865092055,19.1801991619728,19.814720787673,20.4754035794122,21.1298069926671,21.8173449701801,22.6083501468061,23.368744938597,24.0564322403087,24.7851525562841
"Age dependency ratio, old",SP.POP.DPND.OL,Algeria,DZA,5.75963580360482,6.85352579262486,7.42802216178059,7.62955316705691,7.88796629838154,8.18647739154491,8.50659958879874,8.84321884071998,9.19556872158788,9.50095142470613,9.79622772263555,10.1443400883824
"Age dependency ratio, old",SP.POP.DPND.OL,American Samoa,ASM,5.57103064066852,5.61263145134406,7.18618618618619,7.46901796806351,7.78655884334987,8.14927410348679,8.53915615266023,8.95293478608173,9.39206762028609,9.87609329446064,10.42519365423,11.0747615276008
"Age dependency ratio, old",SP.POP.DPND.OL,Andorra,AND,13.0419158602634,17.6622612569075,16.1194435809761,16.8193107730518,17.5069295032079,17.9855425383008,18.2813468291675,18.6612650768806,19.0975296817681,19.5879950275262,20.079703558694,20.7203926261207
"Age dependency ratio, old",SP.POP.DPND.OL,Angola,AGO,4.08381560501002,4.74573383806885,4.98077448037656,4.94741317021014,4.92675431399285,4.92086089209333,4.9200229122081,4.9321872544942,4.95399460499937,4.97083201807665,4.96773378687163,4.96337945822142
"Age dependency ratio, old",SP.POP.DPND.OL,Antigua and Barbuda,ATG,14.8787855317171,11.176760216642,10.7917369986335,11.0509260730057,11.393518591244,11.837928673679,12.3243026165395,12.7717349615697,13.2463056440913,13.7868762899114,14.3578196545419,14.9903637677668
"Age dependency ratio, old",SP.POP.DPND.OL,Argentina,ARG,14.2859601057883,15.6930390460489,16.9753865156087,17.1500457105384,17.320406917436,17.4756701525715,17.6314486904682,17.8092816371001,17.9966224135175,18.1494169514824,18.2376748640653,18.3278989646123
"Age dependency ratio, old",SP.POP.DPND.OL,Armenia,ARM,8.18853739805984,14.1825338563865,14.7317450336068,14.9399666086462,15.2840677790439,15.7766323457132,16.3733880053971,17.0312837756074,17.7685896290692,18.4507432673446,19.0708022720632,19.8094073877802
"Age dependency ratio, old",SP.POP.DPND.OL,Aruba,ABW,10.1298464206659,9.90918588764767,15.5546271151034,16.2791342567558,17.0831892676855,17.9646922311858,18.9044009003411,19.9201591292096,20.9963920874746,22.0601072452924,22.9744728079911,23.8721778395276
"Age dependency ratio, old",SP.POP.DPND.OL,Australia,AUS,16.5698561148684,18.4896978790849,21.5991134302426,22.0775802760236,22.5537768338489,23.0163838801032,23.4569587552335,23.9032488492344,24.3646410073726,24.8887304209774,25.4684732899026,26.0361034985756
"Age dependency ratio, old",SP.POP.DPND.OL,Austria,AUT,22.1263096504989,22.8203816552093,26.9562617371508,27.2849972071127,27.4275693774981,27.529654425897,27.7627365472714,28.0624590209171,28.4044684622818,28.818957573139,29.379140722512,30.0950632032255
"Age dependency ratio, old",SP.POP.DPND.OL,Azerbaijan,AZE,7.23809275919023,8.69288598773544,7.58777116608465,7.67342159886678,7.82866417623272,8.04647699536416,8.31243057833054,8.62374765477201,8.9999538220457,9.33781750470874,9.6838788705557,10.2397932838561
"Age dependency ratio, old",SP.POP.DPND.OL,"Bahamas, The",BHS,7.26981157289857,7.70776117568647,9.65436972194391,9.85833487854626,10.0856793145655,10.3094602721867,10.5323535574884,10.816629963671,11.1775741120254,11.56992116184,11.9314069562605,12.340797215771
"Age dependency ratio, old",SP.POP.DPND.OL,Bahrain,BHR,3.33724660556328,3.6087717492021,3.05786447131863,3.41793958429342,3.60813860968124,3.60321284252946,3.57842989145986,3.62465184391122,3.82959264665355,4.17898616500431,4.58231452258618,4.93781625475778
"Age dependency ratio, old",SP.POP.DPND.OL,Bangladesh,BGD,6.5144835446619,6.38198003761757,7.31051905482121,7.33048600161453,7.39688241566313,7.51458518746282,7.67188268672395,7.87968833015957,8.12526331280696,8.35938961376448,8.60472532361764,8.89062521762644
"Age dependency ratio, old",SP.POP.DPND.OL,Barbados,BRB,17.2107852502866,16.7438393603325,18.1808549526115,18.6306540633128,19.1230624755996,19.6102275778202,20.1642628415789,20.8209740191438,21.5787782874537,22.4637642896745,23.4132282196368,24.3663888416397
"Age dependency ratio, old",SP.POP.DPND.OL,Belarus,BLR,15.9778374630805,20.5237576063706,20.7410204887668,21.2788175683421,21.8048685812782,22.3159481197912,22.865760814397,23.4910631244069,24.2128559802656,24.8511345275223,25.3716948728707,26.0213495078593
"Age dependency ratio, old",SP.POP.DPND.OL,Belgium,BEL,22.319448045185,25.6162865751909,27.3006671954104,27.7188239891628,28.1027478424825,28.445270611272,28.8154246007175,29.2177432143905,29.6531173148105,30.0124258962394,30.3891217831527,30.9537673492771
"Age dependency ratio, old",SP.POP.DPND.OL,Belize,BLZ,8.03707627118644,7.02550078925721,6.57361944736245,6.62319912168672,6.68311991900829,6.75928816734312,6.84900032413049,6.951143006701,7.06691341190221,7.23566325324631,7.41803677400525,7.57241825167684
"Age dependency ratio, old",SP.POP.DPND.OL,Benin,BEN,7.33808619028162,6.36749124837319,5.90439655095861,5.81716517571397,5.7523078698165,5.73791364768134,5.72622787881504,5.71850970797997,5.71521477178203,5.69915854053628,5.66077163999195,5.62262465821185
"Age dependency ratio, old",SP.POP.DPND.OL,Bermuda,BMU,12.4118310918838,15.0871072141759,21.5872804683342,22.4129889167759,23.1910492248148,24.1108952053866,25.2349364289663,26.4077715029399,27.5565982404692,28.8009478672986,30.0851012825123,31.4533148970235
"Age dependency ratio, old",SP.POP.DPND.OL,Bhutan,BTN,5.44262359033708,6.84327619092403,8.18029981235953,8.29958486850786,8.43372530517427,8.58266491528995,8.61402550725985,8.54840120313789,8.53089422692507,8.56319578952011,8.63508841788992,8.73414355095215
"Age dependency ratio, old",SP.POP.DPND.OL,Bolivia,BOL,6.77050494079839,9.02082575774442,7.918029914196,7.88602470695893,7.8579720035016,7.84532162344346,7.84396454655172,7.8536485642925,7.87627655806107,7.82528068536507,7.67597431337987,7.5399253427155
"Age dependency ratio, old",SP.POP.DPND.OL,Bosnia and Herzegovina,BIH,10.2535562913437,16.4354198750578,20.8784359204878,21.3624831157588,21.937078367811,22.6163873023216,23.4236557143219,24.3788197359909,25.4035714505059,26.3508632796661,27.1047053487872,27.573105838364
"Age dependency ratio, old",SP.POP.DPND.OL,Botswana,BWA,6.03671194695586,5.63312987014291,5.04261235233925,5.06361393450113,5.12131174368686,5.19171197337938,5.27798202208488,5.37897896342154,5.49322679065098,5.60736063825958,5.65805942459237,5.7324616626119
"Age dependency ratio, old",SP.POP.DPND.OL,Brazil,BRA,7.4061753044322,8.51159230747268,10.7343839628691,11.0267140194673,11.3601979602613,11.7055135322726,12.0705148724225,12.4624531687822,12.8764358310342,13.2963510267544,13.7110799862648,14.1394832461733
"Age dependency ratio, old",SP.POP.DPND.OL,British Virgin Islands,VGB,8.26414734230366,6.92412998054615,9.14479659639562,9.4789852685085,9.83030471170296,10.187289753614,10.5880772159269,11.0374104537012,11.5678650998209,12.0920808725266,12.5671871000768,13.1509976327359
"Age dependency ratio, old",SP.POP.DPND.OL,Brunei Darussalam,BRN,4.18217866088243,4.47721367881469,5.2304720314801,5.44953919214413,5.70485011532136,6.00118971355358,6.33958067998888,6.71965479822149,7.14376392476975,7.60351032977829,8.08797102219278,8.59791971799518
"Age dependency ratio, old",SP.POP.DPND.OL,Bulgaria,BGR,21.4643123982113,24.8452257971976,29.607941498129,30.5270486069313,31.3660910394956,32.1012839995823,32.7825397005712,33.5271747920843,34.3033174442334,34.9444078019658,35.2620933856678,35.1708619626712
"Age dependency ratio, old",SP.POP.DPND.OL,Burkina Faso,BFA,6.88800587617641,5.81839189895563,5.18346018739541,5.09797937653754,5.02475085547221,4.96676543317759,4.92030375609142,4.88871967055035,4.86803220513437,4.83275462095457,4.77346093088212,4.71390468199842
"Age dependency ratio, old",SP.POP.DPND.OL,Burundi,BDI,5.88530246471048,4.92379553530658,4.39874289622628,4.39301112202895,4.46788572127357,4.61896393180966,4.73199743570865,4.80173091205831,4.84171850577836,4.8545091814688,4.8334292634048,4.79641866446854
"Age dependency ratio, old",SP.POP.DPND.OL,Cabo Verde,CPV,10.1280552148989,8.85981754120535,8.64877635574712,8.33821706300011,8.07526763050436,7.89890399019032,7.84241747133775,7.84725839338109,7.88476606800421,7.9426508006643,8.00733970676219,8.13052701244373
"Age dependency ratio, old",SP.POP.DPND.OL,Cambodia,KHM,5.63265862370103,5.39663190848487,6.06634861145308,6.25648233215906,6.48760349576362,6.74238676476675,7.02522747980319,7.3457448089541,7.70927025575582,8.0989824314812,8.48905549572863,8.89848138892494
"Age dependency ratio, old",SP.POP.DPND.OL,Cameroon,CMR,7.18158695879914,6.45462562738526,5.49286925216273,5.39102895828786,5.29120384208472,5.22073658015565,5.16340705662855,5.11360567121063,5.06920641561985,5.00932005726066,4.92389686947299,4.84112567420283
"Age dependency ratio, old",SP.POP.DPND.OL,Canada,CAN,16.4918939140436,18.2751689480735,22.2054161779927,22.9178185354048,23.6280221371083,24.3329716707112,25.0235974418447,25.7031416810072,26.4248261962961,27.2538958708533,28.1712455570842,29.1095300210581
"Age dependency ratio, old",SP.POP.DPND.OL,Cayman Islands,CYM,8.69588628042214,7.384314650669,7.56644836045282,7.80497459919509,8.13212825478803,8.48372406813965,8.83593943906677,9.20264093448451,9.57992928909574,9.95970515970516,10.3800031147796,10.872431174874
"Age dependency ratio, old",SP.POP.DPND.OL,Central African Republic,CAF,5.13514831324714,4.05495922135151,4.11080444489401,4.25601701382079,4.42893035063581,4.56903319816115,4.70805336405804,4.84276918336025,4.95876099742552,5.02685795853707,5.0674314946844,5.08805615488789
"Age dependency ratio, old",SP.POP.DPND.OL,Chad,TCD,6.94364951350226,5.79343129213596,4.25514989037188,4.15370571305247,4.09565488956949,4.08537985485773,4.07490603965855,4.06838586565031,4.06800212760762,4.05305924954324,4.01493876902294,3.97819690228272
"Age dependency ratio, old",SP.POP.DPND.OL,Channel Islands,CHI,21.0077400174279,21.1561682431073,23.8519753719856,24.2771139286692,24.6513230679943,25.0999315783788,25.3764151870683,25.0125511956665,24.332562630435,23.8319434000957,23.6892153465137,23.9013178314082
"Age dependency ratio, old",SP.POP.DPND.OL,Chile,CHL,9.21385122658898,12.2431990524712,15.1685884842461,15.5659226667551,15.9977139008198,16.4441151881268,16.8363506567766,17.1922339007482,17.5608044417912,17.968371005621,18.4153198993577,18.9818550372065
"Age dependency ratio, old",SP.POP.DPND.OL,China,CHN,8.0461130673414,10.096406056056,12.881930702859,13.3783171134454,13.9899205925489,14.68739962838,15.4940072942402,16.369816309205,17.2443218570896,18.1592334111214,19.0074297921354,19.8785043953627
"Age dependency ratio, old",SP.POP.DPND.OL,Colombia,COL,6.48746526417989,7.29943207775882,9.69694993635661,10.0380876982111,10.4115502772308,10.7808709846344,11.1231291892994,11.4521577256146,11.8097928155486,12.1719287431411,12.513154278594,12.918846685653
"Age dependency ratio, old",SP.POP.DPND.OL,Comoros,COM,8.23333176713809,7.73427019174468,7.47759104003976,7.40585227015584,7.37464280563493,7.36044592621481,7.40720990997466,7.50625086424007,7.58105125389589,7.57749588474242,7.49359481057805,7.41652268668713
"Age dependency ratio, old",SP.POP.DPND.OL,"Congo, Dem. Rep.",COD,5.40678121219817,5.79445757089921,6.1120176952243,6.09205234335814,6.06424209951165,6.02722437350453,5.99376975598168,5.97850420764127,5.97479108692719,5.94137136691257,5.8646690644923,5.77827093862152
"Age dependency ratio, old",SP.POP.DPND.OL,"Congo, Rep.",COG,6.40190516775954,5.60789610218485,4.58050480997062,4.58950045413261,4.60259076896561,4.62191007732276,4.64700868804853,4.67759825452151,4.7158620952896,4.75506410405815,4.78853455601005,4.83897152195198
"Age dependency ratio, old",SP.POP.DPND.OL,Costa Rica,CRI,8.16231983345265,9.25355670006867,11.9606380519568,12.3214382477076,12.6781603521966,13.0563657817283,13.4660722225728,13.8997330193017,14.3538728221355,14.8347142333299,15.2787083508344,15.6931987492918
"Age dependency ratio, old",SP.POP.DPND.OL,Cote d'Ivoire,CIV,5.21950116801054,4.96133229836477,4.52399183681069,4.4597898569538,4.40900649720405,4.37608871009768,4.35838165808748,4.35146536867754,4.35258853379325,4.34174046079048,4.30668465972107,4.26869126594522
"Age dependency ratio, old",SP.POP.DPND.OL,Croatia,HRV,17.4786316416946,23.3224738111523,27.8690829343198,28.55517896201,29.3020229525581,30.0241286453853,30.8089349303982,31.6841309604134,32.6423411759827,33.5805049300349,34.3878374065357,35.1724160444488
"Age dependency ratio, old",SP.POP.DPND.OL,Cuba,CUB,12.3831718822015,14.3634758113593,19.6439101628894,20.0539964376376,20.447824524818,20.8486851371405,21.2718603391355,21.7503334390569,22.2361301670522,22.674352670695,22.8663135433924,23.0885501558609
"Age dependency ratio, old",SP.POP.DPND.OL,Curacao,CUW,10.5447800741918,14.3899150755332,19.1183130205359,19.703676320372,20.3151438240271,20.9380888034562,21.5523530693651,20.2256670807914,19.7564113242821,20.9388575873124,21.4328444615978,22.017988295825
"Age dependency ratio, old",SP.POP.DPND.OL,Cyprus,CYP,14.741065932662,14.6587778933927,16.8856145440271,17.3570512500208,17.8446425486498,18.328085179016,18.8058393887007,19.2797795557545,19.7555091103841,20.2671557000544,20.8238507318122,21.4163472978571
"Age dependency ratio, old",SP.POP.DPND.OL,Czechia,CZE,19.0067730942346,19.6881288527546,25.1308431805227,26.1664639719708,27.1436208351102,28.120300859681,29.0865440820107,29.9878228815485,30.8170485467277,31.5701542234139,32.1862561952906,32.5585670821956
"Age dependency ratio, old",SP.POP.DPND.OL,Denmark,DNK,23.1856207794849,22.2507360614506,27.9425022124077,28.580293108653,29.1469222182927,29.6532561413774,30.1234952276398,30.5868037857124,31.0346481986964,31.4786172013466,31.8860468377055,32.2866411456633
"Age dependency ratio, old",SP.POP.DPND.OL,Djibouti,DJI,5.67889024802852,5.58534059446398,6.47526424500945,6.59372428304623,6.69199289283446,6.75591712040516,6.79945998943192,6.84144309058223,6.89077074557647,6.92684998952291,6.94454147861445,6.97067957304742
"Age dependency ratio, old",SP.POP.DPND.OL,Dominica,DMA,15.5836401632003,16.3913286781344,15.9777166019986,14.8469019407993,13.8282840876034,13.7458531660176,13.356401384083,13.1308862593576,12.9942380290085,12.9739499430278,13.1566631566632,13.4421330435458
"Age dependency ratio, old",SP.POP.DPND.OL,Dominican Republic,DOM,5.74402462556503,7.88180184580351,9.02413925866446,9.19244336150574,9.37057824978,9.57101786966762,9.79628868023551,10.0515286403042,10.3457557858835,10.6479291836442,10.9483244066627,11.306576057216
"Age dependency ratio, old",SP.POP.DPND.OL,Ecuador,ECU,6.97337050024757,8.07705584156199,9.86837543999134,10.1066346640998,10.356193512047,10.6035067454862,10.8477629455177,11.0628449619337,11.2846831504882,11.4364527553185,11.533413817259,11.7758804344456
"Age dependency ratio, old",SP.POP.DPND.OL,"Egypt, Arab Rep.",EGY,7.74976408453938,7.65215679942181,6.86625906119934,6.94999088337487,7.02066022436388,7.09667852982904,7.19855566168963,7.32460061943295,7.46063225236022,7.58477076323878,7.67926761933492,7.75828314303813
"Age dependency ratio, old",SP.POP.DPND.OL,El Salvador,SLV,5.72378553592775,8.40691965713786,11.3266923459703,11.3526870215819,11.432225632202,11.5861170268512,11.8054118364797,12.051629705858,12.2401701170587,12.3134833812923,12.33298777013,12.3881729627973
"Age dependency ratio, old",SP.POP.DPND.OL,Equatorial Guinea,GNQ,6.42990742156713,5.79020616888371,5.42945111532559,5.31694550273315,5.27362943117554,5.28625914321991,5.33615216965277,5.39783039197217,5.44888848406622,5.46171128577156,5.41958520734366,5.3519914017992
"Age dependency ratio, old",SP.POP.DPND.OL,Eritrea,ERI,5.25605770656775,5.9769135825331,6.8935780854258,7.024309417472,7.1350061673774,7.18054887757625,7.22002176278564,7.2236959338518,7.2165564548608,7.19087262693816,7.12927695929687,7.06682873133098
"Age dependency ratio, old",SP.POP.DPND.OL,Estonia,EST,17.5958110903542,22.2360916201806,27.5483893937845,28.317165811581,29.0179801839594,29.670483367849,30.3002308377497,30.7712505499808,31.2617047017683,31.8551048804928,32.2539545828193,32.6578945510762
"Age dependency ratio, old",SP.POP.DPND.OL,Eswatini,SWZ,4.89009952360738,4.39294443406138,5.23544140705716,5.40862273430493,5.6054155554265,5.80511606404061,6.00107673951634,6.1926107758441,6.37994529813651,6.51303893374472,6.54923688061886,6.526859052586
"Age dependency ratio, old",SP.POP.DPND.OL,Ethiopia,ETH,5.30212128004001,5.29005713009335,5.40057575715078,5.41470015687182,5.42965619828841,5.44733658123256,5.46611667581992,5.49119222051887,5.5218995320672,5.53443920054347,5.51562134543168,5.48792161346033
"Age dependency ratio, old",SP.POP.DPND.OL,Faroe Islands,FRO,18.6360634081902,21.6564738773371,25.3847671665351,26.5162807645169,27.4189818638301,27.9804081632653,28.3783783783784,28.5677928357829,28.7127779871843,28.950714928197,29.1452491612546,29.1817567982322
"Age dependency ratio, old",SP.POP.DPND.OL,Fiji,FJI,4.81918145369378,5.14147614674465,7.0147412694882,7.21433350930226,7.36138373009881,7.48204449950612,7.67129653620676,7.91528393177153,8.19259689611881,8.48624158616236,8.74791324389029,9.00563283135993
"Age dependency ratio, old",SP.POP.DPND.OL,Finland,FIN,19.8910400041481,22.2907776115129,29.5677556574448,30.758145117569,31.8552248909572,32.8136859844481,33.746056112797,34.6831838262335,35.544211880627,36.3631392794736,37.1134195572391,37.8128475047786
"Age dependency ratio, old",SP.POP.DPND.OL,France,FRA,21.4080995649064,24.8045792798023,28.6133058246561,29.55985334899,30.4667081321524,31.2943680093214,32.0828191562892,32.8355700695249,33.5534862943722,34.1961731961862,34.7831685298582,35.4228110830827
"Age dependency ratio, old",SP.POP.DPND.OL,French Polynesia,PYF,4.47011122848443,6.02209635602862,10.2963174015243,10.6473271798603,10.9909323180201,11.3610384963273,11.7901949668482,12.2884671818449,12.8526036555149,13.4571773220748,14.0214985773,14.66747819802
"Age dependency ratio, old",SP.POP.DPND.OL,Gabon,GAB,10.9014136941209,8.92315715517054,6.73622559845714,6.64651402771088,6.59045564842275,6.56108487866531,6.54787998774423,6.54645892633748,6.5532987544716,6.55448044368746,6.5313189105856,6.49670575082085
"Age dependency ratio, old",SP.POP.DPND.OL,"Gambia, The",GMB,7.59626414480035,7.03724419609789,5.29170391389807,5.13995875271016,4.99206519078931,4.87311270259585,4.77555765980654,4.6956972484517,4.63747363880368,4.57857967809669,4.50625432673847,4.45009018804258
"Age dependency ratio, old",SP.POP.DPND.OL,Georgia,GEO,13.4295467529545,18.402303578151,20.2215586742311,20.6261021232841,20.9258849156658,21.2568440719309,21.5811945745477,21.8756051204444,22.1796080471616,22.4512830451231,22.6215832631803,22.7805719767836
"Age dependency ratio, old",SP.POP.DPND.OL,Germany,DEU,21.6066454331588,24.1793675308797,31.0869382982443,31.4087744529553,31.8179326002154,32.2223137582762,32.6359381770127,33.0861490130039,33.6222315160367,34.1663397851055,34.6646273473688,35.2250808583422
"Age dependency ratio, old",SP.POP.DPND.OL,Ghana,GHA,5.15057980629983,5.85689802953409,5.37467622999937,5.38601897355806,5.41043538360583,5.44135479213721,5.49299042599609,5.56822699333247,5.66857891391617,5.77078710756664,5.86613865301842,5.97382314410513
"Age dependency ratio, old",SP.POP.DPND.OL,Gibraltar,GIB,19.5214730690777,23.059636044727,25.6153446402419,26.6134777033765,27.6430140387738,28.6304264310411,29.5279011392161,30.3353363054856,31.1281777086473,31.9539893746649,32.7044641544568,33.5288897653323
"Age dependency ratio, old",SP.POP.DPND.OL,Greece,GRC,20.856094501448,24.7402977876253,31.0813089520574,31.6398746685648,32.1827561815634,32.7498517036008,33.2857384899884,33.7631264297435,34.2694292752425,34.8538645386495,35.4840927827409,36.048572756046
"Age dependency ratio, old",SP.POP.DPND.OL,Greenland,GRL,5.42461271026126,7.39675901725039,10.5145135168805,10.7031347570875,10.9710562586142,11.2916958830011,11.6385258034572,11.9712447975785,12.2981429148163,12.8188259109312,13.5779630521274,14.4863153594771
"Age dependency ratio, old",SP.POP.DPND.OL,Grenada,GRD,12.1813540430734,14.3442753692538,13.61120364913,13.6686630798904,13.7504400744354,13.8698886614409,14.0140748923283,14.1872870054823,14.4036866359447,14.6344741633167,14.8965366493418,15.2533565360306
"Age dependency ratio, old",SP.POP.DPND.OL,Guam,GUM,5.7360959651036,8.00923733972346,12.163367383529,12.9737609329446,13.7964901877212,14.6145465719367,15.4325091052085,16.25760515361,17.1042156342407,17.8216320224453,18.4033763860234,19.0660092611687
"Age dependency ratio, old",SP.POP.DPND.OL,Guatemala,GTM,6.73950327266983,7.30152227745522,7.35403407293802,7.39296074037354,7.43790922592504,7.49111430492741,7.56143690658192,7.65573567087323,7.7701148746739,7.86526818216926,7.88234278803704,7.83498411340135
"Age dependency ratio, old",SP.POP.DPND.OL,Guinea,GIN,8.10858509555615,7.87468309078673,6.79678681975284,6.63651297554043,6.50434325503114,6.43557231495917,6.37734963213889,6.3254910698663,6.27810340922976,6.21390146379608,6.12238596888611,6.02912695179407
"Age dependency ratio, old",SP.POP.DPND.OL,Guinea-Bissau,GNB,11.0984018663203,6.94404564090736,4.81618425553402,4.80312885440496,4.80964590402203,4.83441214148636,4.8705866007491,4.91316623667293,4.95913440563102,4.97959399776747,4.96560991202376,4.94084024577701
"Age dependency ratio, old",SP.POP.DPND.OL,Guyana,GUY,6.64498559596687,6.35834577037541,7.73216967239843,7.94199179915351,8.17070072047409,8.41268645012007,8.66847787549661,8.75238229137376,8.94569118396207,9.29153648518678,9.46606203574346,9.64001861154105
"Age dependency ratio, old",SP.POP.DPND.OL,Haiti,HTI,7.24728008895323,6.62241713156766,6.63512027726249,6.63810541209121,6.67467536463027,6.72653376630299,6.79310878243661,6.87295167564178,6.96210843436336,7.04517803712204,7.10947550135696,7.16754938287494
"Age dependency ratio, old",SP.POP.DPND.OL,Honduras,HND,6.39245249919138,5.53237727667124,5.42941423278764,5.52802947022244,5.64740000421497,5.783341869015,5.92481479885837,6.07174238817511,6.22349067534627,6.3521397308558,6.43564319516045,6.50931565590013
"Age dependency ratio, old",SP.POP.DPND.OL,"Hong Kong SAR, China",HKG,12.2718429961433,15.5602900985293,19.4320709757737,20.2766294449896,21.2596293567736,22.2999158191816,23.3697833825646,24.5142747507214,25.7893678417509,27.1905891032436,28.7340855843556,30.335774344472
"Age dependency ratio, old",SP.POP.DPND.OL,Hungary,HUN,20.1314737525041,22.0048193117218,25.4607180947717,26.1394472701643,26.8412312597854,27.5655693215698,28.2099389055973,28.8687787133193,29.7886783396075,30.7556747570271,31.4023228002079,30.5283961367591
"Age dependency ratio, old",SP.POP.DPND.OL,Iceland,ISL,16.5032749428789,17.7459499585171,19.7056098912097,20.1950760372066,20.6972991996782,21.045141766041,21.1241983631924,21.18156048262,21.4070234988029,21.8405801250721,22.4628722871318,23.1534984160131
"Age dependency ratio, old",SP.POP.DPND.OL,India,IND,7.0411423175442,7.43291878222117,8.1701867831266,8.34408697584166,8.58160167680032,8.83554041094142,9.10256290952248,9.38228789288654,9.66927189683547,9.92678079854435,10.076240850277,10.1721579882257
"Age dependency ratio, old",SP.POP.DPND.OL,Indonesia,IDN,6.7098447910958,7.78432437991096,9.12550603962892,9.17791672987977,9.24058108099685,9.32397318032705,9.4396056351879,9.59108880161727,9.77677189296847,9.92950355699441,10.0077394550727,10.0935145383325
"Age dependency ratio, old",SP.POP.DPND.OL,"Iran, Islamic Rep.",IRN,6.2575468210266,6.54662728599514,7.54817963938296,7.84362390199422,8.18043494716889,8.55074729536433,8.96213597202568,9.39627341866432,9.84981676694828,10.31591830035,10.717413043668,11.0776977383462
"Age dependency ratio, old",SP.POP.DPND.OL,Iraq,IRQ,7.29142756645007,5.9457471165071,5.44053927548013,5.45167536569539,5.46249187990464,5.49903625137862,5.58624981792661,5.70532693352063,5.82331657040874,5.85575868203659,5.8318235046587,5.78503144609902
"Age dependency ratio, old",SP.POP.DPND.OL,Ireland,IRL,18.7394256842886,16.6425428393745,19.0507942862581,19.6009254187683,20.0173523146319,20.4601543234582,20.8949466129645,21.3474811641352,21.8115830254833,22.2806704871941,22.7238295890127,23.1867092720485
"Age dependency ratio, old",SP.POP.DPND.OL,Isle of Man,IMN,30.7865426570215,25.940216066932,29.7583471684191,30.7894198015747,31.7712052313127,32.5908136830361,33.2153269471054,33.7540208136235,34.2231128419381,34.6729872141117,34.9480578139115,35.3564926899762
"Age dependency ratio, old",SP.POP.DPND.OL,Israel,ISR,16.2375813089504,16.1087099357329,17.1785963203754,17.5319487547382,17.8967838145595,18.2996233975395,18.7283572468613,19.1183797577025,19.4309553982976,19.690264205364,19.9168072511299,20.1130652432264
"Age dependency ratio, old",SP.POP.DPND.OL,Italy,ITA,21.8287903124543,27.1535740528717,32.9472292234047,33.6484762864082,34.2465687781387,34.7430139479918,35.168977923166,35.5758573715642,36.1044561125806,36.6506201214227,37.1936567400059,37.8700078869127
"Age dependency ratio, old",SP.POP.DPND.OL,Jamaica,JAM,12.4240888635145,9.69919406712324,8.85399212874566,8.87174393524913,8.91589546544859,9.04147277674572,9.1801102536937,9.33417304331808,9.5341878141425,9.764484551565,9.98570083013269,10.2444567239219
"Age dependency ratio, old",SP.POP.DPND.OL,Japan,JPN,17.7832878765862,26.2521359696966,41.5848746763467,43.7168536758286,45.5482774736384,46.9608333063349,48.133949692059,49.1042595267153,49.9245414186036,50.5685726157711,50.9713011403666,51.1944798549741
"Age dependency ratio, old",SP.POP.DPND.OL,Jordan,JOR,4.5451145006442,4.75768667312294,5.61330711667441,5.18076550115517,5.0434457510887,5.13760545836143,5.2488139018237,5.38221293354758,5.54219802174661,5.70430539977082,5.84853637953115,5.99126816803576
"Age dependency ratio, old",SP.POP.DPND.OL,Kazakhstan,KAZ,8.64609831312973,10.0333344107885,9.97699885364622,10.2520778450222,10.5904779933286,10.948761255204,11.3148711251841,11.7011653543522,12.1074824873625,12.4684000610536,12.7159434688694,12.9122563066076
"Age dependency ratio, old",SP.POP.DPND.OL,Kenya,KEN,4.3446625607069,4.2484316553676,4.22046865837096,4.36410584180891,4.47456926989977,4.54681326970571,4.62392880593048,4.71444934125975,4.77893859590231,4.81430763218357,4.83954816611523,4.84366806874621
"Age dependency ratio, old",SP.POP.DPND.OL,Kiribati,KIR,5.94092266843677,5.7746986504345,5.47236275604134,5.49191903342225,5.55102729137975,5.6458653806178,5.76644133665399,5.89213750574744,6.01474634680629,6.13023292517723,6.22966062296606,6.33960829054953
"Age dependency ratio, old",SP.POP.DPND.OL,"Korea, Dem. People's Rep.",PRK,6.37238905214867,9.35407097585384,14.833220871591,15.0628213882108,15.3589602456169,15.4541591623994,15.3106150793428,15.3155279332928,15.522720242016,15.8844367939938,16.2958688176235,16.8825119364235
"Age dependency ratio, old",SP.POP.DPND.OL,"Korea, Rep.",KOR,7.07934134946937,9.92538800333708,16.5532059449501,17.1134013075122,17.6844588208258,18.2397584744055,18.9846115628126,19.8569370821665,20.7857721336453,21.9834391054246,23.3018367896341,24.6572041947215
"Age dependency ratio, old",SP.POP.DPND.OL,Kosovo,XKX,7.35389242336611,10.8607680674645,11.4505342339525,11.9139155379985,12.3142625177413,12.6147396722655,12.9889689522717,13.4249294554107,13.9389332487996,14.3178960906242,14.5566008256172,14.8842586837067
"Age dependency ratio, old",SP.POP.DPND.OL,Kuwait,KWT,2.54898604174363,2.23132958913872,2.65456080167087,2.84914699843382,3.09042919633277,3.37454623146576,3.75095049906608,4.15299513285748,4.66258096071346,5.30891721205139,5.98970164358278,6.63162656998347
"Age dependency ratio, old",SP.POP.DPND.OL,Kyrgyz Republic,KGZ,8.25961562820627,8.56974042268222,5.93783011966115,5.95272012925824,6.03858768554281,6.16515239313529,6.3193936872696,6.50703891676279,6.73364544715812,6.95351234962849,7.17129271393029,7.44464885902123
"Age dependency ratio, old",SP.POP.DPND.OL,Lao PDR,LAO,6.44985147745938,6.58901882640328,6.57797470740342,6.64322952311656,6.61846732579398,6.52942945820439,6.49703135962514,6.5104354502897,6.56462495245126,6.64921377037764,6.74213570672982,6.8636958273999
"Age dependency ratio, old",SP.POP.DPND.OL,Latvia,LVA,18.183256889001,22.5299169356212,29.240150065586,29.9746233293947,30.6580246050065,31.3106932271672,31.9754704495371,32.5601467607833,33.2399969309539,33.9956951497294,34.4413244146139,34.9227334405724
"Age dependency ratio, old",SP.POP.DPND.OL,Lebanon,LBN,7.071603093094,8.2659434274199,9.46062400962144,9.70224377848773,10.3206914152334,11.3257759806008,12.3301452581862,13.2916216126718,14.1883863460343,14.8851175250347,15.3317123981597,15.786531665704
"Age dependency ratio, old",SP.POP.DPND.OL,Lesotho,LSO,7.49500139254345,7.8356160495809,6.86001026419528,6.88960706262563,6.88590128997383,6.83392826893286,6.80430875647344,6.79677145183627,6.81752176174483,6.84022022685672,6.8204795557548,6.78602544119442
"Age dependency ratio, old",SP.POP.DPND.OL,Liberia,LBR,5.22513599546639,5.84569924777718,6.5380819928944,6.47275536472212,6.39366588432462,6.34200344216769,6.29702201884915,6.25022053286747,6.199319560974,6.11793577653149,6.00385887961002,5.88983012436238
"Age dependency ratio, old",SP.POP.DPND.OL,Libya,LBY,5.04128788909518,5.78185075526164,7.19177811220671,7.20712963583586,7.29131121131085,7.36890499674522,7.39980539201523,7.37502537181018,7.33229609253376,7.30297041643939,7.27116671379074,7.27827981906749
"Age dependency ratio, old",SP.POP.DPND.OL,Liechtenstein,LIE,13.9342253590158,14.4478449375159,21.8622688812285,22.7286930708538,23.5296407302168,24.3784959602237,25.2016441755855,26.0174249757986,26.8530332908015,27.6213255150066,28.3186521521714,29.2652935751614
"Age dependency ratio, old",SP.POP.DPND.OL,Lithuania,LTU,16.4960381217793,21.1575966905609,28.042651708126,28.5750417865025,29.1179253453484,29.6189226652435,30.1281552978774,30.6014251052946,31.1152061830067,31.6541651136787,32.058001951187,32.554976797464
"Age dependency ratio, old",SP.POP.DPND.OL,Luxembourg,LUX,19.1537740980238,20.7625599005386,20.2238243495538,20.3716795758174,20.4629505238104,20.4810152897328,20.5311796113461,20.635258502436,20.7740842979424,20.9586773084872,21.2645439224204,21.7264842992549
"Age dependency ratio, old",SP.POP.DPND.OL,"Macao SAR, China",MAC,9.65009270041999,10.4162164498422,10.1516961655053,10.7844868173258,11.44741875395,12.1488846409472,12.9236597021742,13.8034494967376,14.7760167896946,15.7862864543361,16.8637089395597,18.0030489323755
"Age dependency ratio, old",SP.POP.DPND.OL,Madagascar,MDG,5.66106455626223,5.43718371941522,4.9515446010699,5.01325539420387,5.12732936048712,5.24252821700738,5.35904658756848,5.47467204598984,5.59208020494483,5.69168022736754,5.75905110916373,5.81538744314252
"Age dependency ratio, old",SP.POP.DPND.OL,Malawi,MWI,7.28929670064225,7.20234803082865,6.9491961534987,6.69246746851055,6.42639102222027,6.15127293918046,5.89416154540982,5.65499432587308,5.43316483985798,5.21471199799836,4.98332145413298,4.76044959672569
"Age dependency ratio, old",SP.POP.DPND.OL,Malaysia,MYS,6.17520924333984,6.57371155451982,8.07867839096226,8.28770591325656,8.52305203881124,8.78156085070216,9.06542139497443,9.37825362301079,9.71124021087856,10.0582394397538,10.3893171766214,10.744811430094
"Age dependency ratio, old",SP.POP.DPND.OL,Maldives,MDV,5.40878619438156,6.73133284171914,5.87827245106064,5.78323471531086,5.73755256981744,5.70878864855927,5.69697702608931,5.71185680344257,5.78464709466006,5.93825041075115,6.16209637150466,6.50449140661509
"Age dependency ratio, old",SP.POP.DPND.OL,Mali,MLI,7.26257750573447,6.28646582022366,5.46959624024493,5.41890591385631,5.36612002863725,5.31098711497142,5.24758121040635,5.18227376569737,5.11226873029239,5.0021454250699,4.85843317854936,4.72188081122763
"Age dependency ratio, old",SP.POP.DPND.OL,Malta,MLT,15.9239960087671,18.7563671894232,26.3375195311826,26.9374031933895,27.3758813526173,27.6001698811156,27.6895609768407,27.722485999513,27.7328828578693,27.7240812177523,27.7457614620616,28.2450706731464
"Age dependency ratio, old",SP.POP.DPND.OL,Marshall Islands,MHL,5.87683064213293,4.03178032546956,3.82092110902318,4.120274684979,4.42382318204825,4.68445022771633,4.97977402706096,5.36133855464578,5.80854004510075,6.31156376612274,6.81671292248032,7.2137783548461
"Age dependency ratio, old",SP.POP.DPND.OL,Mauritania,MRT,5.78577246940536,5.69143230292461,7.19772773930437,6.94148279054445,6.72493899050194,6.5483105536711,6.40333921693901,6.28588630153625,6.19264153847976,6.08392358172601,5.9552984419305,5.84229276829797
"Age dependency ratio, old",SP.POP.DPND.OL,Mauritius,MUS,8.25829523744293,9.12181996388451,11.8770273595669,12.428432188174,13.0757660377862,13.7893779774542,14.498027736072,15.180910885727,15.8472387983549,16.5523240782967,17.2988222849162,18.0429750515012
"Age dependency ratio, old",SP.POP.DPND.OL,Mexico,MEX,7.22697294795568,8.2366321937522,10.1946035169103,10.421006181187,10.6776839526845,10.9613150444952,11.2647311638442,11.5944122524151,11.8738886642495,12.0363156620939,12.1555020036211,12.3911963987204
"Age dependency ratio, old",SP.POP.DPND.OL,"Micronesia, Fed. Sts.",FSM,6.17689348307621,5.81695516525981,5.83679441890714,6.1694736379227,6.54993892152871,6.94247825961344,7.33889614959284,7.76886172825404,8.25826252522095,8.78402187548452,9.27539059777837,9.68787051589599
"Age dependency ratio, old",SP.POP.DPND.OL,Moldova,MDA,14.4555438580334,15.3701187045187,14.6557639719186,15.2914421949128,16.1239136680852,16.9661679164892,17.7691984388439,18.509239469509,19.2584142993893,19.9346895772382,20.433336765994,19.1768477672164
"Age dependency ratio, old",SP.POP.DPND.OL,Monaco,MCO,33.2981078904992,34.5079850817634,57.3938655291489,60.9011480239764,64.2657449295989,66.2417134115247,66.8598389661008,67.5972752606048,68.590443508553,69.5606474668909,70.2213707960834,70.3604232690552
"Age dependency ratio, old",SP.POP.DPND.OL,Mongolia,MNG,6.99693146660701,5.57973611099108,5.59968169007216,5.64645477697692,5.74072495572865,5.8533497867136,5.98910007708309,6.18681701975089,6.42948422007806,6.70512554075327,6.99716384249203,7.3273179183453
"Age dependency ratio, old",SP.POP.DPND.OL,Montenegro,MNE,12.7039132366966,16.2803662700057,19.7553500861042,20.2491730666869,20.8959887047421,21.4939425704945,22.0926964605277,22.7915544096488,23.5542569572968,24.2543234447702,24.8005912058135,25.3237046237143
"Age dependency ratio, old",SP.POP.DPND.OL,Morocco,MAR,5.37794439200765,6.96839475176023,8.34831436262802,8.58356828397329,8.87175737554779,9.207595560007,9.58817554804732,10.0033944933212,10.4430992471628,10.8752934244083,11.2973765449515,11.7519738219487
"Age dependency ratio, old",SP.POP.DPND.OL,Mozambique,MOZ,5.54500870115488,5.34029645107961,4.97484351500296,4.94632250549428,4.91237170104507,4.87375334808336,4.85041727902634,4.84958859340586,4.86021623849991,4.85674113498398,4.81628866584745,4.76410325886371
"Age dependency ratio, old",SP.POP.DPND.OL,Myanmar,MMR,7.48895078838505,7.80244193253619,7.90826283703925,8.03231877682665,8.22110064467036,8.42631258548175,8.6463971027215,8.89090484219789,9.15951442196766,9.43283029227558,9.67760302986328,9.94350863029008
"Age dependency ratio, old",SP.POP.DPND.OL,Namibia,NAM,6.28858731373035,5.68204469888452,5.98340738315363,6.07252445706361,6.17428080693108,6.28447308049007,6.40128627076762,6.52319598546913,6.64884073335124,6.74767978553057,6.73978900506491,6.63822473340574
"Age dependency ratio, old",SP.POP.DPND.OL,Nauru,NRU,3.73713666726846,2.6714448607265,2.36038259796359,2.51935043253908,2.68696820420958,2.90620871862616,3.06181398035817,3.17910871416406,3.35289186923722,3.59751895244659,3.88270431713277,4.1778613648576
"Age dependency ratio, old",SP.POP.DPND.OL,Nepal,NPL,6.50734153885973,6.77101543548671,8.60341157516661,8.83095429467557,9.00741974291657,9.13975182225866,9.24645177633696,9.34764513762244,9.44695484057499,9.46019761193517,9.36922314691124,9.36085473287483
"Age dependency ratio, old",SP.POP.DPND.OL,Netherlands,NLD,18.6343670737793,20.0566209430083,25.8364457230999,26.6249476533867,27.3037459016305,27.9053079301735,28.5198796595573,29.1364532974932,29.7527890675902,30.3416960647036,30.91043869666,31.6131492724256
"Age dependency ratio, old",SP.POP.DPND.OL,New Caledonia,NCL,7.04606287830036,8.32450013794305,12.3947426539291,12.748764525177,13.1686422950493,13.6099081455328,14.0447830203219,14.4963320611946,14.9909185976113,15.5171462922315,15.9972992866353,16.5032934264987
"Age dependency ratio, old",SP.POP.DPND.OL,New Zealand,NZL,16.8245663283734,17.8646288727909,21.4865944899822,21.95193938877,22.2318496581376,22.4801858453418,22.723570753809,22.9964765360895,23.3402239966994,23.8371680564657,24.4369333540637,25.0947142596312
"Age dependency ratio, old",SP.POP.DPND.OL,Nicaragua,NIC,5.30827630222126,5.69160161906517,6.64173496770814,6.77929175587201,6.94614860940972,7.13141212625739,7.31684712709397,7.50544073641975,7.6985862248422,7.83760551641637,7.96492410402859,8.14688344854789
"Age dependency ratio, old",SP.POP.DPND.OL,Niger,NER,4.18162358713212,4.42952688820004,4.97025334216619,4.91983317072079,4.90218814526039,4.9291917266382,4.95824351214168,4.98754059023557,5.01544542617548,5.00990445836721,4.97031569109575,4.93082479894407
"Age dependency ratio, old",SP.POP.DPND.OL,Nigeria,NGA,6.15739730584366,5.8140814467986,5.82957149702236,5.78561322349555,5.74647487926748,5.72143354017926,5.69340112932731,5.66849796081102,5.64944691649088,5.61267551758135,5.54901944470884,5.51025883415619
"Age dependency ratio, old",SP.POP.DPND.OL,North Macedonia,MKD,11.2728317825598,14.3392957874625,17.0994094115786,17.6203846336431,18.1323110965156,18.6350205200243,19.1802460351278,19.8097945977744,20.5010067372087,21.0488861407683,21.3519040621252,21.5802599412582
"Age dependency ratio, old",SP.POP.DPND.OL,Northern Mariana Islands,MNP,2.38721804511278,2.0757947161589,5.9170311608574,6.585126133013,7.32337815911778,8.15312439274908,9.09295078745684,10.1763367463026,11.3938659511238,12.7643416286949,14.2857142857143,15.8766436140215
"Age dependency ratio, old",SP.POP.DPND.OL,Norway,NOR,25.1876110100081,23.3808442751605,23.9349597865635,24.3479731507747,24.7591239164021,25.1800553371331,25.6494205121804,26.1778356134989,26.6955523672884,27.2521106751532,27.8713134042083,28.4246337313546
"Age dependency ratio, old",SP.POP.DPND.OL,Oman,OMN,4.63711239059152,4.05842079564381,3.29313798356264,3.32613415238914,3.36859650219228,3.36533294043339,3.3671654984014,3.43530351624274,3.59436554907255,3.84960973943794,3.96225733662668,3.92885774536727
"Age dependency ratio, old",SP.POP.DPND.OL,Pakistan,PAK,6.54067461873523,6.4561717781645,6.67976602078541,6.72886718706284,6.773479013803,6.82901021965473,6.89683240714287,6.97140335284348,7.05846244219442,7.12883645847131,7.17458016136199,7.22387327403213
"Age dependency ratio, old",SP.POP.DPND.OL,Palau,PLW,9.23171607344343,7.46467411407857,9.43909260410193,9.8458904109589,10.2372034956305,10.7223917977616,11.2620749234273,11.8482290762799,12.4792013311148,13.0835918237493,13.6860585747347,14.2994549535107
"Age dependency ratio, old",SP.POP.DPND.OL,Panama,PAN,7.4023190748954,8.10144677626061,10.7837340930859,11.0470553993205,11.3228895916025,11.6059249692776,11.9021424391774,12.2172596060703,12.5522742865133,12.8757486473533,13.1720902287527,13.4740096262837
"Age dependency ratio, old",SP.POP.DPND.OL,Papua New Guinea,PNG,3.21934478455423,3.98007100771465,4.45726972894502,4.50051709865054,4.54943908997557,4.60302705042215,4.66143559064441,4.72712031592559,4.80064618798955,4.88898197121365,4.98139298417436,5.09425764960444
"Age dependency ratio, old",SP.POP.DPND.OL,Paraguay,PRY,7.2215676855679,7.46061194778066,8.44470493821512,8.57430859380844,8.71473520939508,8.86400661698783,9.02508857591562,9.19141764320289,9.36279896792602,9.53455405049064,9.61913750909116,9.64769384022307
"Age dependency ratio, old",SP.POP.DPND.OL,Peru,PER,6.35356917666256,7.7560419532144,12.1197149982098,12.3104626170881,12.4206258048495,12.4430050506015,12.479445678082,12.5299879029583,12.5953274880115,12.682040814462,12.7325695363812,12.8263221221666
"Age dependency ratio, old",SP.POP.DPND.OL,Philippines,PHL,5.92980483866355,6.44670143760372,7.18944081249621,7.29664554197048,7.39340956372578,7.49084396725833,7.61896729214944,7.77794683798807,7.96890276762055,8.18054904075243,8.31731872502121,8.46490659999873
"Age dependency ratio, old",SP.POP.DPND.OL,Poland,POL,15.5256490614028,17.7689336035198,20.5718507804433,21.4419104773412,22.3586788896651,23.3794960271567,24.4589117678957,25.5522626537366,26.6660356913809,27.7227004598839,28.6289590992897,27.9879070662961
"Age dependency ratio, old",SP.POP.DPND.OL,Portugal,PRT,20.7246272156695,24.1563233910941,29.9638163582223,30.7730052908435,31.5170171477232,32.2567886781076,33.0059586167922,33.659711648752,34.2209499827701,34.7259854405423,35.198242210144,35.82119789129
"Age dependency ratio, old",SP.POP.DPND.OL,Puerto Rico,PRI,15.3234305123938,17.2012234168725,25.2542577339205,26.3455277594795,27.5390707609017,28.8281654054993,30.195551712898,31.472610576872,32.6044501190076,33.7271289491628,34.9355431369581,36.0350222547406
"Age dependency ratio, old",SP.POP.DPND.OL,Qatar,QAT,1.53611821252848,1.66615846120881,1.23383311949458,1.18692334586837,1.15715837869373,1.22426955080289,1.29188399858089,1.33040809912865,1.39121058028777,1.50593799876105,1.68487657231645,1.83888379708633
"Age dependency ratio, old",SP.POP.DPND.OL,Romania,ROU,15.9905138970167,19.6333753672675,23.7249728382832,24.2621487914759,24.9517460384915,25.6462698032107,26.3832456676573,27.1559802512019,27.9184377013492,28.6172153200839,29.0910977963422,28.487757914182
"Age dependency ratio, old",SP.POP.DPND.OL,Russian Federation,RUS,14.8481498641179,17.8117291491715,18.3480841251864,18.917367846649,19.5812163649011,20.1811754540424,20.8108839356498,21.4291839797377,22.1066590453711,22.8402919746012,23.3830073799692,23.7570635496851
"Age dependency ratio, old",SP.POP.DPND.OL,Rwanda,RWA,4.66913682894777,4.65772127586951,5.53832817434211,5.40871617465518,5.3322964000967,5.29215317326686,5.28168214208563,5.30105012473943,5.34078619934623,5.38830964566804,5.42332156292109,5.48011151017148
"Age dependency ratio, old",SP.POP.DPND.OL,Samoa,WSM,6.77575874942173,7.87554352693008,8.33928681678265,8.30047800146541,8.29743332959225,8.33418768368533,8.40851250919483,8.51678245584666,8.64582902090664,8.78750815394651,8.93739505876709,9.12134812031848
"Age dependency ratio, old",SP.POP.DPND.OL,San Marino,SMR,19.4143033292232,23.2781922369986,26.3732331365182,26.8518518518519,27.3769175882982,27.7748274030802,28.1390036024954,28.5482882409596,28.9592166805088,29.4370962780683,29.9822695035461,30.6248610184568
"Age dependency ratio, old",SP.POP.DPND.OL,Sao Tome and Principe,STP,8.66027752820206,8.07316013325784,6.51042410055855,6.50392067067301,6.52477064220184,6.57242353618702,6.64967501256736,6.75024191318773,6.8499175371083,6.81397510673829,6.6902728265984,6.6236965649742
"Age dependency ratio, old",SP.POP.DPND.OL,Saudi Arabia,SAU,4.60636548584653,4.28433616747908,3.17129251460891,3.23746668501407,3.30824540241373,3.30079523784813,3.24501507363728,3.21141782336272,3.19434119300801,3.34901802797221,3.65068763311798,3.94442088894225
"Age dependency ratio, old",SP.POP.DPND.OL,Senegal,SEN,6.12895639991796,6.25104105958604,5.97762459848606,5.90485714602422,5.85475839162975,5.84938961889643,5.84160250188931,5.830789783585,5.82150863046763,5.7943866878961,5.73238499978378,5.66512050697168
"Age dependency ratio, old",SP.POP.DPND.OL,Serbia,SRB,14.9230109932605,21.3200596823574,27.3773170930655,28.1709998383851,29.0050155124849,29.6229018746302,30.1735438707464,30.7952608654225,31.4112160047593,31.8532426254194,31.8715855634477,31.6242715472778
"Age dependency ratio, old",SP.POP.DPND.OL,Seychelles,SYC,11.8032786885246,9.84001213178148,9.57368907001178,9.67969411101012,9.81342082266546,9.97333575735539,10.1552305961755,10.3876384423008,10.6829708269876,11.0503812756204,11.4414703991584,11.8564269332977
"Age dependency ratio, old",SP.POP.DPND.OL,Sierra Leone,SLE,7.22734298465223,6.53932424194232,5.90314878328999,5.80929942055142,5.72644568378394,5.66887005996455,5.61610691564661,5.57493541219584,5.55044968449079,5.51478154092363,5.46437777995898,5.42474126554143
"Age dependency ratio, old",SP.POP.DPND.OL,Singapore,SGP,7.67858486642325,8.46871617924849,10.4723399452518,10.8575595908544,11.3860264205501,12.2640950715184,13.4173853476408,14.7171631101804,16.1323974335038,17.6107823134458,19.1199468472576,20.6964052343933
"Age dependency ratio, old",SP.POP.DPND.OL,Sint Maarten (Dutch part),SXM,4.09491389667601,4.26927875063531,7.20173206214153,7.45491995808188,7.85662687902033,8.34811165845649,9.0068547744301,9.75686176212558,10.5401925317309,11.3744360902256,12.2827933593634,13.4692055935733
"Age dependency ratio, old",SP.POP.DPND.OL,Slovak Republic,SVK,15.781098198652,16.349262814799,18.7404290728723,19.4234789626452,20.188406001902,21.0853860879318,22.0605536001224,23.0375467308184,24.031225249159,24.9862132815546,25.7561977006825,25.2330257516543
"Age dependency ratio, old",SP.POP.DPND.OL,Slovenia,SVN,15.7447692805264,19.834295684915,24.9235834531189,25.7375973835993,26.6156072780531,27.4704990393179,28.3442771214267,29.2858968746235,30.2361285332149,31.0697034973055,31.8779924158325,32.787436521904
"Age dependency ratio, old",SP.POP.DPND.OL,Solomon Islands,SLB,6.1141434453701,6.16005350939651,6.16928594517216,6.16138720292724,6.15009159029289,6.13668812038254,6.12630192184197,6.11562888898425,6.10456465330458,6.07891542091441,6.04379050102734,6.03668608607213
"Age dependency ratio, old",SP.POP.DPND.OL,Somalia,SOM,6.08226143049021,5.21648709001839,4.94451465036145,4.95320806340702,5.00095253593137,5.06710869812628,5.12243957400737,5.17353957121736,5.22111320009701,5.22703506995891,5.17753689949053,5.11287178455796
"Age dependency ratio, old",SP.POP.DPND.OL,South Africa,ZAF,6.69989314838896,6.85939904500455,7.88698577456973,8.0711203259268,8.19431327165327,8.4316020319919,8.73573854281678,8.94246338221282,9.11119575029739,9.19484163450602,9.13799868831606,8.98921747039406
"Age dependency ratio, old",SP.POP.DPND.OL,South Sudan,SSD,4.68946566907237,4.86140459388885,4.55956185131782,4.621174415014,4.70574671975225,4.8352127776059,5.08915562466297,5.31236806567482,5.39561544517613,5.41682516907633,5.42877500560648,5.42835065207739
"Age dependency ratio, old",SP.POP.DPND.OL,Spain,ESP,20.5578200788483,24.370072341175,26.7229035359782,27.5027554949552,28.052247175384,28.4860539545794,28.9235846239239,29.299254268821,29.5814988452352,29.8376390243752,30.1603558733874,30.7338998159134
"Age dependency ratio, old",SP.POP.DPND.OL,Sri Lanka,LKA,9.82802013540919,10.8166909422089,12.4979423437415,13.0398973118744,13.6105713986366,14.1699159704817,14.7400698725882,15.337108089879,15.9233301776645,16.4654940187111,16.9996493977523,17.574445252016
"Age dependency ratio, old",SP.POP.DPND.OL,St. Kitts and Nevis,KNA,17.1629028721772,12.510942259883,10.6170923848174,10.6172400509675,10.7092324018394,10.9347442680776,11.3180936710348,11.7970750080923,12.350162385592,12.9893238434164,13.6835838666468,14.3772921076955
"Age dependency ratio, old",SP.POP.DPND.OL,St. Lucia,LCA,10.2248165357286,11.7365490888921,11.4947616939649,11.531576773232,11.5719947159841,11.6280911870475,11.7259190065388,11.8743621902484,12.060293730752,12.2970623086038,12.5003832122383,12.6925517357368
"Age dependency ratio, old",SP.POP.DPND.OL,St. Martin (French part),MAF,3.03092048290968,5.73559800413286,9.57119365855715,10.113844710698,10.6922285126094,11.4534783359227,12.2130434782609,12.9996462681288,13.8490020771245,14.7189722413398,15.638417024454,16.5667166416792
"Age dependency ratio, old",SP.POP.DPND.OL,St. Vincent and the Grenadines,VCT,11.5019825535289,11.4659258516747,13.6785594452522,13.9602377881218,14.2640300206603,14.6106094808126,14.9591033877678,15.3046757592083,15.6448653952814,15.921142661649,16.079002613427,16.1474060822898
"Age dependency ratio, old",SP.POP.DPND.OL,Sudan,SDN,5.3664094363636,4.78608701645968,4.73762538877649,4.89284177106176,5.05664793463388,5.23819033901871,5.4223584025679,5.61628351085536,5.82420046352283,6.01608353151493,6.17054640281903,6.29737175511851
"Age dependency ratio, old",SP.POP.DPND.OL,Suriname,SUR,5.96144789619838,7.76080998679952,9.4682888208882,9.50466227218596,9.6002471160913,9.77055278546922,10.0026706977781,10.2631585684624,10.5087827854879,10.760813507635,10.9675560677245,11.1389059558988
"Age dependency ratio, old",SP.POP.DPND.OL,Sweden,SWE,27.6953404229681,26.8462867799129,30.0484079036857,30.6182363948674,31.0695267217823,31.3883692505732,31.6331751554343,31.8570930726772,32.0600520451891,32.1951888126825,32.3315155942191,32.580221950452
"Age dependency ratio, old",SP.POP.DPND.OL,Switzerland,CHE,21.3043776670672,22.7409469139274,25.8694192691317,26.2262722919701,26.5513783678475,26.8434796862044,27.1725885083447,27.5540630207264,27.9454195825687,28.2806197235106,28.7488288664821,29.4149995608235
"Age dependency ratio, old",SP.POP.DPND.OL,Syrian Arab Republic,SYR,5.87418246082659,5.96918688135862,6.42207419342725,7.07370285029975,7.54327967143932,7.73696918094951,7.82119114301757,7.77532835339852,7.57758069391317,7.46341992922597,7.41442236071184,7.32381456219217
"Age dependency ratio, old",SP.POP.DPND.OL,Tajikistan,TJK,6.64745357493698,6.64768084410186,4.93924687104509,4.90698597686085,4.91594188036379,4.96022289075783,5.0340297904727,5.1352073576446,5.26874086462946,5.36953498779651,5.51440930135669,5.76238256713826
"Age dependency ratio, old",SP.POP.DPND.OL,Tanzania,TZA,5.77430517924449,5.29895204658601,5.83095553795961,5.87625073414085,5.89506820543626,5.89946923209362,5.90070817234982,5.90637488504621,5.91752302647457,5.90184297215586,5.85206764338833,5.79655863604749
"Age dependency ratio, old",SP.POP.DPND.OL,Thailand,THA,6.4708887989063,8.73468421830015,13.8786976741512,14.5624961725684,15.3053577888484,16.0885856009609,16.912946177791,17.7959987952682,18.744376584333,19.7626187848827,20.8236239115417,21.9615906261706
"Age dependency ratio, old",SP.POP.DPND.OL,Timor-Leste,TLS,3.9075346922358,5.7574898562743,9.69684513410749,9.85000937057394,9.8856984802159,9.80639123228242,9.69536995864487,9.54703842396163,9.36729840258174,9.15432954852309,8.89489381598678,8.66565492491975
"Age dependency ratio, old",SP.POP.DPND.OL,Togo,TGO,5.64013851156766,5.17358036146923,5.09406863290877,5.1370787304806,5.17876663138251,5.22499719279859,5.27243289856438,5.32013335557551,5.36899380419443,5.41802867418863,5.46442821307423,5.50879830478349
"Age dependency ratio, old",SP.POP.DPND.OL,Tonga,TON,8.14596455251209,9.58363617485204,10.4703798464869,10.4797751516247,10.4570967688838,10.4488909366155,10.4581820571372,10.5002703721304,10.5330177128398,10.5238472610826,10.4799247676884,10.4368741255443
"Age dependency ratio, old",SP.POP.DPND.OL,Trinidad and Tobago,TTO,8.02321055156744,7.70986743608798,10.693596867627,11.2634488509364,11.8856263529702,12.5410171680997,13.2037652429522,13.7347861070262,14.4207466446332,15.2926066499195,15.9491534681531,16.583876930023
"Age dependency ratio, old",SP.POP.DPND.OL,Tunisia,TUN,7.61371931978264,8.45904632948811,10.4263069614739,10.6848145918717,10.9897942756167,11.3215161322267,11.6813279442146,12.0723111595042,12.4931980848294,12.9055258290624,13.2727099371642,13.6393026418545
"Age dependency ratio, old",SP.POP.DPND.OL,Turkiye,TUR,7.93925868247971,8.45032373074445,9.95415064568915,10.1546136461674,10.3744129092472,10.577593845117,10.7422739116218,11.1396390966704,11.6671958803676,12.0136168836454,12.29623000782,12.6749675167195
"Age dependency ratio, old",SP.POP.DPND.OL,Turkmenistan,TKM,6.58234337137051,6.95603495602153,5.90654977533961,5.99401344426542,6.13114527736858,6.31784165503409,6.54157454481156,6.78944390773938,7.06526090546371,7.36247914950461,7.69426757253394,8.0768798153276
"Age dependency ratio, old",SP.POP.DPND.OL,Turks and Caicos Islands,TCA,7.27201257861635,5.83411433926898,10.4861655189477,10.8552761050104,11.328681821592,11.852116449366,12.3882590677124,12.9099102062297,13.3316436446585,13.623322535863,13.8837512507201,14.1508019787138
"Age dependency ratio, old",SP.POP.DPND.OL,Tuvalu,TUV,9.55702167766258,10.3987068965517,8.5308750365818,8.63782519731073,8.712176582371,8.68675051184557,8.76575784227499,9.02299692397832,9.29622614017194,9.61343564499783,10.0100531380152,10.4014859265609
"Age dependency ratio, old",SP.POP.DPND.OL,Uganda,UGA,5.73395322939607,4.73305299058916,3.08947298959688,3.09534312944039,3.11174446824757,3.12274214831357,3.13216414768443,3.14303060451655,3.15482569995269,3.16113810122526,3.15666269610954,3.16502154516577
"Age dependency ratio, old",SP.POP.DPND.OL,Ukraine,UKR,18.2352758301923,20.3751155187801,21.7942100143022,22.2144675897966,22.7867216457226,23.3597512928408,23.9483159862575,24.4631921954568,25.0012683163523,25.473276970834,25.8222909050761,28.5990191173913
"Age dependency ratio, old",SP.POP.DPND.OL,United Arab Emirates,ARE,1.49393743054611,1.16679505817703,0.502447829633953,0.636455325013541,0.792826684316406,0.975777747754205,1.191323184624,1.44767753596793,1.75503832836371,1.98307089262202,2.1160582347121,2.20518371550354
"Age dependency ratio, old",SP.POP.DPND.OL,United Kingdom,GBR,24.0832782680377,24.1001797008582,26.5987431124874,27.1541077402922,27.6033329639334,27.9856394976748,28.3578352626432,28.7318124678028,29.1385197807057,29.4893151206511,29.8254443355495,30.2538779578818
"Age dependency ratio, old",SP.POP.DPND.OL,United States,USA,18.5681451397358,18.5906938495146,20.8662551736736,21.2753487246214,21.5860419772798,22.1791970006815,22.8700619407421,23.4394842925266,24.1198200811779,24.8576386985249,25.629056934291,26.3864989956555
"Age dependency ratio, old",SP.POP.DPND.OL,Uruguay,URY,18.3750561981444,20.9521603049431,22.8599169993069,22.9191202853099,22.9862178298777,23.078870991512,23.1856009289723,23.3103636160402,23.4548571877068,23.6462454990993,23.7440594909397,23.850200841113
"Age dependency ratio, old",SP.POP.DPND.OL,Uzbekistan,UZB,6.49154847861849,7.85203413317349,6.45673167826559,6.39734614515745,6.45390938915964,6.60528951782821,6.78196967857735,6.98897641688455,7.2227380799543,7.4469889941766,7.67056192338963,7.94486199227153
"Age dependency ratio, old",SP.POP.DPND.OL,Vanuatu,VUT,7.43340532757379,6.65568336716582,6.59324561870772,6.60680048518997,6.6129743055866,6.59625498107504,6.56377722198499,6.55195629248762,6.55973283997161,6.56893293150125,6.57092137789158,6.57159002233404
"Age dependency ratio, old",SP.POP.DPND.OL,"Venezuela, RB",VEN,6.7241034427012,7.7519039702038,9.46985216211108,9.67925150438917,9.90435703700065,10.1671532197656,10.5634522138429,11.2016364332595,11.9525921817335,12.5852698858817,13.132760096727,13.4893363252818
"Age dependency ratio, old",SP.POP.DPND.OL,Viet Nam,VNM,10.0351444164114,9.93180222397576,9.50194196699094,9.74181507220812,10.0978305137312,10.4124162227612,10.7726443890824,11.2062663371353,11.6895205802077,12.2350109069119,12.7407790973679,13.3108072842899
"Age dependency ratio, old",SP.POP.DPND.OL,Virgin Islands (U.S.),VIR,9.31463469803212,12.8802415486201,24.816456971756,26.0882203328247,27.2728606859306,28.3732922383902,29.3891473796023,30.3581408697491,31.31262295832,32.1557273539286,32.9285736496782,33.8008260958334
"Age dependency ratio, old",SP.POP.DPND.OL,West Bank and Gaza,PSE,4.20964872929913,4.45818834257198,5.34367631101245,5.42333980658904,5.51570021868177,5.60486663304179,5.70184217692144,5.80701405859129,5.91892782434237,6.01200482818728,6.07261534627071,6.12223859071092
"Age dependency ratio, old",SP.POP.DPND.OL,"Yemen, Rep.",YEM,6.14033369016724,5.58160294895631,5.09873054547558,5.06774231908591,5.01951987777958,4.96302918928578,4.91230357779951,4.86535528163816,4.82160326494432,4.7613542134381,4.68156689220708,4.6027049352755
"Age dependency ratio, old",SP.POP.DPND.OL,Zambia,ZMB,5.54087851777001,4.51849827640033,3.23605766894294,3.19383266572395,3.16728169431204,3.15179618250749,3.14498420322385,3.14772629827833,3.15980268652907,3.16883578918599,3.16176511094759,3.15454565621984
"Age dependency ratio, old",SP.POP.DPND.OL,Zimbabwe,ZWE,6.32988350849431,5.600283708239,5.58323074912832,5.62865635345093,5.73319032185559,5.83159648420377,5.91988681585432,5.9979818096682,6.06282331765067,6.08690279667854,6.03362052788417,5.92719389909329
,,,,,,,,,,,,,,,
,,,,,,,,,,,,,,,
,,,,,,,,,,,,,,,
Data from database: Health Nutrition and Population Statistics,,,,,,,,,,,,,,,
Last Updated: 05/31/2024,,,,,,,,,,,,,,,
